YAL003W	145313.0
YAL005C	144653.0
YAL007C	141583.0
YAL008W	140029.0
YAL009W	138992.0
YAL010C	138873.0
YAL011W	135358.0
YAL012W	133898.0
YAL013W	132399.0
YAL014C	132235.0
YAL015C	131266.0
YAL016W	127944.0
YAL017W	123020.0
YAL018C	122769.0
YAL019W	117971.0
YAL020C	117781.0
YAL021C	116565.0
YAL022C	113611.0
YAL023C	111817.0
YAL024C	109132.0
YAL025C	104330.0
YAL026C	102944.0
YAL027W	97768.0
YAL028W	96010.0
YAL030W	90425.0
YAL031C	90239.0
YAL032C	87654.0
YAL033W	85848.0
YAL034C	85157.0
YAL034W-A	82849.0
YAL035W	79566.0
YAL036C	79349.0
YAL038W	74928.0
YAL039C	72745.0
YAL040C	71027.0
YAL041W	65954.0
YAL042W	64467.0
YAL043C	64256.0
YAL044C	61656.0
YAL044W-A	60697.0
YAL046C	60595.0
YAL047C	60066.0
YAL048C	57970.0
YAL049C	55841.0
YAL051W	51719.0
YAL053W	48985.0
YAL054C	48250.0
YAL055W	45331.0
YAL056W	42384.0
YAL058W	40591.0
YAL059W	39743.0
YAL060W	38312.0
YAL061W	36539.0
YAL062W	34698.0
YAL067C	212093.0
YAR002C-A	157905.0
YAR002W	155380.0
YAR003W	158085.0
YAR007C	161826.0
YAR008W	162029.0
YAR014C	166254.0
YAR015W	166505.0
YAR018C	168952.0
YAR019C	172413.0
YAR023C	177326.0
YAR027W	186496.0
YAR028W	187646.0
YAR033W	190862.0
YAR035W	192918.0
YAR042W	195345.0
YAR066W	15322.0
YBL001C	251086.0
YBL002W	250066.0
YBL003C	249428.0
YBL005W	236263.0
YBL006C	236015.0
YBL007C	235273.0
YBL008W	228451.0
YBL009W	226013.0
YBL010C	225823.0
YBL011W	222294.0
YBL013W	220893.0
YBL014C	220634.0
YBL015W	212228.0
YBL017C	209947.0
YBL018C	204700.0
YBL019W	202538.0
YBL020W	200504.0
YBL021C	200311.0
YBL023C	195854.0
YBL024W	190703.0
YBL025W	189611.0
YBL026W	188745.0
YBL028C	186094.0
YBL029C-A	183020.0
YBL029W	184312.0
YBL030C	182312.0
YBL031W	179863.0
YBL032W	178289.0
YBL033C	177916.0
YBL034C	176646.0
YBL035C	171883.0
YBL037W	165301.0
YBL038W	164314.0
YBL039C	163981.0
YBL039W-B	161464.0
YBL040C	161093.0
YBL041W	159377.0
YBL042C	158507.0
YBL043W	154748.0
YBL045C	153897.0
YBL046W	150591.0
YBL047C	150376.0
YBL049W	144789.0
YBL050W	143219.0
YBL051C	142999.0
YBL052C	140320.0
YBL054W	135653.0
YBL055C	135008.0
YBL056W	131810.0
YBL057C	131631.0
YBL058W	129590.0
YBL059C-A	128754.0
YBL060W	126068.0
YBL061C	125699.0
YBL063W	120062.0
YBL064C	119370.0
YBL066C	118336.0
YBL067C	114331.0
YBL068W	110549.0
YBL069W	108819.0
YBL071W-A	108127.0
YBL072C	107317.0
YBL074C	106244.0
YBL075C	104653.0
YBL076C	102463.0
YBL078C	98940.0
YBL079W	93393.0
YBL080C	92934.0
YBL082C	89345.0
YBL084C	87741.0
YBL085W	82041.0
YBL086C	80890.0
YBL088C	77790.0
YBL089W	67773.0
YBL090W	67009.0
YBL091C	66865.0
YBL091C-A	65408.0
YBL092W	63800.0
YBL093C	63216.0
YBL095W	61479.0
YBL097W	58994.0
YBL098W	57336.0
YBL099W	54977.0
YBL101C	52844.0
YBL102W	48553.0
YBL103C	48375.0
YBL104C	45880.0
YBL105C	42524.0
YBL107C	35114.0
YBR001C	255038.0
YBR002C	256195.0
YBR003W	256384.0
YBR004C	259290.0
YBR005W	259426.0
YBR006W	260489.0
YBR007C	264584.0
YBR008C	268040.0
YBR009C	269327.0
YBR010W	269911.0
YBR011C	271614.0
YBR014C	275101.0
YBR015C	277282.0
YBR016W	277889.0
YBR017C	281446.0
YBR021W	289053.0
YBR022W	291345.0
YBR023C	295738.0
YBR024W	297005.0
YBR025C	299565.0
YBR026C	301748.0
YBR028C	303728.0
YBR029C	305489.0
YBR030W	305890.0
YBR031W	307805.0
YBR033W	309473.0
YBR034C	313658.0
YBR035C	314638.0
YBR036C	318051.0
YBR037C	319140.0
YBR038W	319520.0
YBR039W	323147.0
YBR041W	325877.0
YBR042C	329315.0
YBR043C	331621.0
YBR044C	333806.0
YBR045C	337866.0
YBR046C	339193.0
YBR047W	339447.0
YBR049C	344585.0
YBR050C	345973.0
YBR052C	347078.0
YBR053C	348428.0
YBR054W	350453.0
YBR055C	354975.0
YBR056W	355495.0
YBR057C	361366.0
YBR058C	363993.0
YBR058C-A	364579.0
YBR059C	368274.0
YBR060C	370555.0
YBR061C	373694.0
YBR062C	374601.0
YBR065C	377660.0
YBR066C	378674.0
YBR068C	383754.0
YBR069C	386562.0
YBR070C	387978.0
YBR071W	388361.0
YBR072W	389962.0
YBR073W	391148.0
YBR074W	394289.0
YBR076W	398119.0
YBR077C	400341.0
YBR078W	400957.0
YBR079C	406314.0
YBR080C	408928.0
YBR082C	415244.0
YBR083W	417132.0
YBR084W	419051.0
YBR085C-A	427199.0
YBR085W	423922.0
YBR086C	431334.0
YBR087W	431755.0
YBR088C	433809.0
YBR089C-A	434515.0
YBR091C	435521.0
YBR092C	437123.0
YBR094W	439973.0
YBR095C	443717.0
YBR096W	443955.0
YBR097W	444914.0
YBR098W	449486.0
YBR101C	452736.0
YBR102C	455394.0
YBR103W	455536.0
YBR104W	457600.0
YBR105C	459984.0
YBR106W	460621.0
YBR107C	462581.0
YBR108W	462792.0
YBR109C	466507.0
YBR110W	466925.0
YBR111C	469981.0
YBR111W-A	470214.0
YBR112C	473976.0
YBR114W	475162.0
YBR115C	482001.0
YBR117C	484481.0
YBR118W	485643.0
YBR119W	487284.0
YBR120C	489000.0
YBR121C	491497.0
YBR123C	494748.0
YBR125C	496575.0
YBR126C	498506.0
YBR126W-A	498855.0
YBR127C	500898.0
YBR128C	502172.0
YBR129C	503411.0
YBR130C	504956.0
YBR131W	505146.0
YBR132C	509625.0
YBR133C	512463.0
YBR135W	512807.0
YBR136W	513676.0
YBR137W	521041.0
YBR138C	523479.0
YBR139W	523718.0
YBR140C	534993.0
YBR141C	536116.0
YBR142W	536328.0
YBR143C	540286.0
YBR145W	541780.0
YBR146W	543262.0
YBR147W	544513.0
YBR148W	545881.0
YBR149W	548113.0
YBR150C	552603.0
YBR151W	552970.0
YBR152W	554395.0
YBR153W	555474.0
YBR154C	557188.0
YBR155W	557813.0
YBR156C	561342.0
YBR158W	564371.0
YBR159W	566729.0
YBR160W	568043.0
YBR161W	569714.0
YBR162C	572799.0
YBR162W-A	573307.0
YBR163W	573710.0
YBR164C	576638.0
YBR165W	576858.0
YBR166C	579322.0
YBR167C	580004.0
YBR168W	580321.0
YBR169C	584153.0
YBR170C	586210.0
YBR171W	586411.0
YBR172C	589565.0
YBR173C	590275.0
YBR175W	590483.0
YBR176W	591676.0
YBR177C	594258.0
YBR179C	597252.0
YBR180W	597797.0
YBR181C	600892.0
YBR182C	603095.0
YBR183W	604130.0
YBR184W	605404.0
YBR185C	608067.0
YBR186W	608616.0
YBR187W	610574.0
YBR188C	612251.0
YBR189W	612527.0
YBR192W	615557.0
YBR193C	617862.0
YBR194W	617993.0
YBR195C	619995.0
YBR196C	622001.0
YBR197C	623927.0
YBR198C	626667.0
YBR199W	626900.0
YBR200W	628883.0
YBR201C-A	632826.0
YBR201W	631506.0
YBR202W	633748.0
YBR203W	637205.0
YBR204C	641468.0
YBR205W	641637.0
YBR207W	643119.0
YBR208C	650415.0
YBR210W	654034.0
YBR211C	655717.0
YBR212W	655962.0
YBR213W	658795.0
YBR214W	659833.0
YBR215W	661812.0
YBR216C	666133.0
YBR217W	666268.0
YBR218C	670892.0
YBR220C	673244.0
YBR221C	674958.0
YBR222C	676878.0
YBR223C	678832.0
YBR225W	678995.0
YBR227C	683694.0
YBR228W	683815.0
YBR229C	687732.0
YBR230C	688444.0
YBR230W-A	688816.0
YBR231C	691647.0
YBR233W	691849.0
YBR233W-A	693438.0
YBR234C	695131.0
YBR235W	695345.0
YBR236C	700233.0
YBR237W	700412.0
YBR239C	708587.0
YBR240C	710369.0
YBR241C	712579.0
YBR242W	713158.0
YBR243C	715324.0
YBR244W	715991.0
YBR245C	719883.0
YBR246W	720047.0
YBR247C	722976.0
YBR248C	725040.0
YBR249C	726571.0
YBR250W	727447.0
YBR251W	729808.0
YBR252W	731079.0
YBR253W	731695.0
YBR254C	732758.0
YBR255C-A	735594.0
YBR255W	732905.0
YBR256C	736616.0
YBR257W	737333.0
YBR258C	738664.0
YBR259W	738806.0
YBR260C	743129.0
YBR261C	744045.0
YBR262C	744562.0
YBR263W	744656.0
YBR265W	747024.0
YBR267W	748302.0
YBR268W	749747.0
YBR269C	751079.0
YBR270C	752922.0
YBR271W	753307.0
YBR272C	756304.0
YBR273C	757876.0
YBR274W	758018.0
YBR275C	765724.0
YBR276C	768612.0
YBR278W	768743.0
YBR279W	769706.0
YBR280C	773215.0
YBR281C	776144.0
YBR282W	776697.0
YBR283C	779054.0
YBR284W	779723.0
YBR286W	783185.0
YBR287W	785036.0
YBR288C	788006.0
YBR289W	788143.0
YBR290W	791135.0
YBR291C	793203.0
YBR293W	795260.0
YBR294W	797687.0
YBR295W	801388.0
YBR296C	807155.0
YBR297W	809049.0
YCL001W	106221.0
YCL002C	106043.0
YCL004W	103358.0
YCL005W	102306.0
YCL008C	101195.0
YCL009C	99905.0
YCL010C	98693.0
YCL011C	97708.0
YCL012C	96145.0
YCL014W	90497.0
YCL016C	90114.0
YCL017C	88692.0
YCL018W	85612.0
YCL021W-A	83839.0
YCL024W	79737.0
YCL025C	78585.0
YCL026C-A	76049.0
YCL026C-B	74658.0
YCL028W	70750.0
YCL029C	70603.0
YCL030C	69025.0
YCL031C	66233.0
YCL032W	64020.0
YCL033C	63925.0
YCL034W	62257.0
YCL035C	61865.0
YCL038C	57243.0
YCL039W	53255.0
YCL040W	51424.0
YCL043C	50892.0
YCL044C	49026.0
YCL045C	47552.0
YCL047C	45062.0
YCL048W	42713.0
YCL048W-A	42026.0
YCL049C	41351.0
YCL050C	39434.0
YCL051W	36154.0
YCL052C	35994.0
YCL054W	32001.0
YCL055W	28462.0
YCL056C	27941.0
YCL057C-A	24920.0
YCL057W	25339.0
YCL058W-A	24131.0
YCL059C	23973.0
YCL061C	22741.0
YCL063W	17818.0
YCL064C	17505.0
YCL066W	13809.0
YCL067C	13594.0
YCR002C	112728.0
YCR003W	112923.0
YCR004C	114681.0
YCR005C	116708.0
YCR007C	120771.0
YCR008W	122080.0
YCR009C	125587.0
YCR010C	127226.0
YCR011C	130995.0
YCR012W	131696.0
YCR014C	134946.0
YCR015C	136182.0
YCR016W	137698.0
YCR017C	141757.0
YCR019W	152810.0
YCR020C	154807.0
YCR020W-B	155406.0
YCR021C	157325.0
YCR023C	160555.0
YCR024C	162361.0
YCR026C	166524.0
YCR027C	168297.0
YCR028C	171640.0
YCR028C-A	172564.0
YCR033W	191300.0
YCR034W	195599.0
YCR035C	198069.0
YCR036W	198313.0
YCR037C	202262.0
YCR042C	210350.0
YCR043C	211846.0
YCR044C	213100.0
YCR045C	214810.0
YCR046C	215575.0
YCR047C	216805.0
YCR048W	217055.0
YCR051W	219213.0
YCR052W	220112.0
YCR053W	221806.0
YCR054C	225267.0
YCR059C	229393.0
YCR060W	229540.0
YCR061W	230701.0
YCR063W	233787.0
YCR065W	234612.0
YCR066W	236942.0
YCR067C	242017.0
YCR068W	242634.0
YCR069W	244505.0
YCR071C	246154.0
YCR072C	247960.0
YCR073C	252222.0
YCR073W-A	252519.0
YCR075C	254439.0
YCR075W-A	254537.0
YCR076C	255633.0
YCR077C	258241.0
YCR079W	258352.0
YCR081W	259928.0
YCR082W	264405.0
YCR083W	265140.0
YCR084C	268271.0
YCR086W	268936.0
YCR087C-A	270097.0
YCR088W	270616.0
YCR089W	272732.0
YCR090C	279216.0
YCR091W	280661.0
YCR093W	286403.0
YCR094W	293018.0
YCR095C	295615.0
YCR106W	23540.0
YDL001W	458941.0
YDL002C	458698.0
YDL003W	455591.0
YDL004W	454004.0
YDL005C	453351.0
YDL006W	450612.0
YDL007C-A	447918.0
YDL007W	449038.0
YDL008W	444681.0
YDL010W	443506.0
YDL012C	442740.0
YDL013W	440138.0
YDL014W	438429.0
YDL015C	438196.0
YDL017W	435317.0
YDL018C	434781.0
YDL019C	432930.0
YDL020C	428156.0
YDL021W	425122.0
YDL022W	422966.0
YDL024C	421074.0
YDL025C	418611.0
YDL027C	416200.0
YDL028C	414677.0
YDL029W	410517.0
YDL030W	408668.0
YDL031W	405375.0
YDL033C	405170.0
YDL035C	403552.0
YDL040C	393535.0
YDL042C	390568.0
YDL043C	388581.0
YDL044C	387367.0
YDL045C	385797.0
YDL045W-A	384257.0
YDL046W	383253.0
YDL047W	381623.0
YDL048C	380320.0
YDL049C	377997.0
YDL051W	375988.0
YDL052C	375694.0
YDL053C	374321.0
YDL054C	373423.0
YDL055C	368967.0
YDL056W	364825.0
YDL057W	363458.0
YDL058W	357653.0
YDL059C	357037.0
YDL060W	353653.0
YDL061C	352873.0
YDL063C	352292.0
YDL064W	349515.0
YDL065C	349367.0
YDL066W	346883.0
YDL067C	346518.0
YDL069C	346019.0
YDL070W	343068.0
YDL072C	342586.0
YDL073W	338505.0
YDL074C	338294.0
YDL075W	334277.0
YDL076C	333754.0
YDL077C	332387.0
YDL078C	328538.0
YDL079C	326905.0
YDL080C	324583.0
YDL081C	322283.0
YDL082W	320451.0
YDL083C	319914.0
YDL084W	317164.0
YDL085C-A	314823.0
YDL085W	315274.0
YDL086W	313504.0
YDL087C	313111.0
YDL088C	312226.0
YDL090C	308432.0
YDL091C	306943.0
YDL092W	304854.0
YDL093W	301958.0
YDL095W	299126.0
YDL097C	298824.0
YDL098C	297270.0
YDL099W	295460.0
YDL100C	295302.0
YDL101C	293964.0
YDL102W	288885.0
YDL103C	288748.0
YDL104C	286989.0
YDL105W	284433.0
YDL106C	284053.0
YDL107W	280991.0
YDL108W	279757.0
YDL109C	279309.0
YDL110C	277112.0
YDL111C	276261.0
YDL112W	270926.0
YDL113C	270709.0
YDL114W	267632.0
YDL115C	267259.0
YDL116W	263616.0
YDL117W	260376.0
YDL119C	259757.0
YDL120W	257936.0
YDL121C	257686.0
YDL123W	253476.0
YDL124W	252280.0
YDL125C	251684.0
YDL126C	250806.0
YDL127W	246972.0
YDL128W	244636.0
YDL129W	243020.0
YDL130W	241979.0
YDL130W-A	241251.0
YDL131W	239456.0
YDL132W	236128.0
YDL133W	234416.0
YDL134C	232933.0
YDL135C	231466.0
YDL136W	229668.0
YDL137W	228609.0
YDL138W	225308.0
YDL139C	224214.0
YDL141W	214952.0
YDL142C	214783.0
YDL143W	212110.0
YDL144C	211898.0
YDL145C	210580.0
YDL146W	204710.0
YDL147W	203032.0
YDL149W	197035.0
YDL150W	195399.0
YDL153C	195201.0
YDL154W	190480.0
YDL155W	188801.0
YDL157C	186784.0
YDL159W	184596.0
YDL160C	184375.0
YDL160C-A	181795.0
YDL161W	179857.0
YDL164C	179465.0
YDL165W	176400.0
YDL166C	176257.0
YDL167C	175369.0
YDL168W	171730.0
YDL169C	170894.0
YDL170W	168456.0
YDL171C	167818.0
YDL173W	160324.0
YDL174C	159788.0
YDL175C	157716.0
YDL176W	154134.0
YDL177C	153959.0
YDL178W	151671.0
YDL179W	150392.0
YDL180W	148013.0
YDL181W	147347.0
YDL182W	145647.0
YDL183C	144146.0
YDL185W	140298.0
YDL186W	139219.0
YDL188C	138791.0
YDL189W	135598.0
YDL190C	135396.0
YDL191W	131236.0
YDL192W	129894.0
YDL193W	128181.0
YDL194W	124949.0
YDL195W	120662.0
YDL197C	120082.0
YDL198C	118239.0
YDL199C	116981.0
YDL200C	114674.0
YDL201W	113056.0
YDL202W	111994.0
YDL203C	111702.0
YDL204W	108162.0
YDL205C	107515.0
YDL206W	103586.0
YDL207W	101782.0
YDL208W	101037.0
YDL209C	100819.0
YDL210W	97783.0
YDL211C	93722.0
YDL212W	91624.0
YDL213C	91217.0
YDL214C	89916.0
YDL215C	87208.0
YDL217C	82017.0
YDL219W	78460.0
YDL220C	78302.0
YDL222C	75161.0
YDL223C	73770.0
YDL224C	69971.0
YDL225W	65656.0
YDL226C	65457.0
YDL229W	57297.0
YDL230W	55931.0
YDL231C	55619.0
YDL233W	50034.0
YDL234C	49879.0
YDL235C	47299.0
YDL236W	45521.0
YDL237W	43897.0
YDL238C	43738.0
YDL239C	42051.0
YDL240W	35890.0
YDL246C	23352.0
YDL247W	19217.0
YDR001C	463742.0
YDR002W	464071.0
YDR003W	465138.0
YDR004W	466276.0
YDR005C	469272.0
YDR006C	472445.0
YDR007W	472693.0
YDR011W	476981.0
YDR012W	482878.0
YDR013W	484214.0
YDR014W	485068.0
YDR014W-A	488866.0
YDR016C	489880.0
YDR017C	493370.0
YDR018C	494962.0
YDR019C	496465.0
YDR020C	497629.0
YDR021W	497806.0
YDR022C	499770.0
YDR023W	500554.0
YDR025W	502571.0
YDR026C	505488.0
YDR027C	508510.0
YDR030C	514347.0
YDR031W	514531.0
YDR032C	515820.0
YDR033W	519136.0
YDR034C	523314.0
YDR035W	527234.0
YDR036C	530203.0
YDR037W	530917.0
YDR040C	536406.0
YDR041W	537541.0
YDR042C	539162.0
YDR043C	541344.0
YDR044W	544249.0
YDR046C	548323.0
YDR047W	549386.0
YDR049W	550868.0
YDR050C	554153.0
YDR051C	555757.0
YDR052C	558431.0
YDR054C	560149.0
YDR055W	561113.0
YDR056C	563342.0
YDR057W	563534.0
YDR058C	566362.0
YDR059C	567432.0
YDR060W	568213.0
YDR061W	571752.0
YDR062W	574059.0
YDR063W	576237.0
YDR064W	577067.0
YDR065W	578292.0
YDR066C	580281.0
YDR067C	581160.0
YDR068W	581314.0
YDR069C	585447.0
YDR070C	586106.0
YDR071C	587132.0
YDR072C	589137.0
YDR073W	590039.0
YDR074W	591429.0
YDR075W	594612.0
YDR076W	596047.0
YDR077W	598385.0
YDR078C	600477.0
YDR079C-A	601435.0
YDR079W	600624.0
YDR080W	601567.0
YDR081C	607768.0
YDR082W	607949.0
YDR084C	611672.0
YDR085C	613921.0
YDR086C	614810.0
YDR087C	615936.0
YDR088C	617448.0
YDR089W	619535.0
YDR090C	623704.0
YDR091C	626198.0
YDR093W	628473.0
YDR096W	634331.0
YDR097C	641384.0
YDR098C	642434.0
YDR099W	645044.0
YDR100W	646485.0
YDR101C	649006.0
YDR104C	656467.0
YDR105C	658327.0
YDR107C	662207.0
YDR108W	662372.0
YDR109C	666817.0
YDR110W	667206.0
YDR111C	670913.0
YDR113C	672842.0
YDR115W	673266.0
YDR116C	674753.0
YDR117C	676830.0
YDR118W	677014.0
YDR119W	679295.0
YDR119W-A	682118.0
YDR121W	684614.0
YDR122W	685574.0
YDR123C	690585.0
YDR124W	691424.0
YDR126W	694393.0
YDR127W	695572.0
YDR128W	700669.0
YDR129C	706590.0
YDR130C	707810.0
YDR131C	709726.0
YDR132C	711585.0
YDR135C	718784.0
YDR137W	719333.0
YDR138W	721745.0
YDR140W	725305.0
YDR141C	731210.0
YDR142C	732930.0
YDR143C	735175.0
YDR144C	737397.0
YDR145W	737836.0
YDR146C	742072.0
YDR147W	742749.0
YDR148C	746376.0
YDR150W	746734.0
YDR151C	755331.0
YDR152W	755742.0
YDR153C	758165.0
YDR155C	759098.0
YDR156W	759536.0
YDR159W	761839.0
YDR160W	766044.0
YDR161W	769019.0
YDR162C	771256.0
YDR163W	771383.0
YDR164C	774280.0
YDR165W	774857.0
YDR166C	779317.0
YDR167W	779437.0
YDR168W	780311.0
YDR169C	784020.0
YDR170C	792449.0
YDR171W	794708.0
YDR172W	796440.0
YDR173C	799882.0
YDR174W	800273.0
YDR175C	802378.0
YDR176W	802596.0
YDR177W	804948.0
YDR178W	806021.0
YDR179C	807404.0
YDR179W-A	807513.0
YDR180W	809326.0
YDR181C	815575.0
YDR182W	815732.0
YDR183W	817730.0
YDR185C	820777.0
YDR186C	823737.0
YDR188W	824562.0
YDR189W	826558.0
YDR190C	830240.0
YDR191W	830521.0
YDR192C	833106.0
YDR194C	836170.0
YDR195W	836560.0
YDR196C	839213.0
YDR197W	839393.0
YDR198C	842195.0
YDR200C	844355.0
YDR201W	844505.0
YDR202C	846181.0
YDR204W	846322.0
YDR205W	847530.0
YDR206W	849913.0
YDR207C	855787.0
YDR208W	856295.0
YDR211W	860991.0
YDR212W	863488.0
YDR213W	865858.0
YDR214W	869086.0
YDR216W	870863.0
YDR217C	879866.0
YDR218C	881449.0
YDR219C	883387.0
YDR221W	883625.0
YDR222W	886344.0
YDR223W	888136.0
YDR224C	891071.0
YDR225W	891782.0
YDR226W	892752.0
YDR227W	893780.0
YDR228C	900225.0
YDR229W	901027.0
YDR231C	903278.0
YDR232W	903774.0
YDR233C	906772.0
YDR234W	907421.0
YDR235W	909840.0
YDR236C	912253.0
YDR237W	912809.0
YDR238C	917185.0
YDR239C	919783.0
YDR240C	921510.0
YDR242W	922777.0
YDR243C	926308.0
YDR244W	926530.0
YDR245W	928709.0
YDR246W	930245.0
YDR247W	931649.0
YDR248C	934391.0
YDR249C	935836.0
YDR251W	936302.0
YDR252W	939398.0
YDR253C	940726.0
YDR254W	941027.0
YDR255C	943871.0
YDR256C	945750.0
YDR257C	947503.0
YDR258C	950302.0
YDR259C	951989.0
YDR260C	953297.0
YDR261C	955296.0
YDR262W	965497.0
YDR263C	968006.0
YDR264C	970802.0
YDR265W	971193.0
YDR266C	974612.0
YDR267C	975944.0
YDR268W	976333.0
YDR270W	977969.0
YDR272W	981326.0
YDR273W	982508.0
YDR275W	984570.0
YDR276C	986099.0
YDR277C	988283.0
YDR279W	991743.0
YDR280W	993048.0
YDR281C	994848.0
YDR282C	996860.0
YDR283C	1002366.0
YDR284C	1003799.0
YDR285W	1004375.0
YDR286C	1007674.0
YDR287W	1008061.0
YDR288W	1009247.0
YDR289C	1011627.0
YDR291W	1011799.0
YDR292C	1017235.0
YDR293C	1021535.0
YDR294C	1024353.0
YDR295C	1027002.0
YDR296W	1027251.0
YDR297W	1028508.0
YDR298C	1031057.0
YDR300C	1034918.0
YDR301W	1035368.0
YDR302W	1039763.0
YDR303C	1043573.0
YDR304C	1044661.0
YDR306C	1047299.0
YDR307W	1047888.0
YDR308C	1050566.0
YDR309C	1052453.0
YDR310C	1056665.0
YDR311W	1057086.0
YDR312W	1059594.0
YDR313C	1062184.0
YDR314C	1064605.0
YDR315C	1065632.0
YDR316W	1065785.0
YDR317W	1069688.0
YDR318W	1071271.0
YDR319C	1073432.0
YDR320C	1075633.0
YDR321W	1076194.0
YDR322C-A	1079802.0
YDR322W	1078086.0
YDR323C	1081561.0
YDR325W	1084613.0
YDR326C	1092630.0
YDR328C	1093573.0
YDR329C	1095132.0
YDR330W	1095328.0
YDR331W	1097082.0
YDR332W	1098491.0
YDR333C	1102980.0
YDR334W	1103282.0
YDR335W	1108325.0
YDR336W	1112583.0
YDR337W	1113784.0
YDR338C	1117040.0
YDR339C	1118060.0
YDR341C	1127166.0
YDR345C	1132843.0
YDR346C	1136953.0
YDR347W	1137251.0
YDR348C	1140203.0
YDR349C	1142410.0
YDR350C	1146340.0
YDR351W	1146583.0
YDR352W	1149751.0
YDR353W	1151389.0
YDR354W	1152759.0
YDR356W	1154218.0
YDR357C	1157696.0
YDR358W	1158160.0
YDR359C	1163334.0
YDR361C	1164432.0
YDR362C	1166943.0
YDR363W	1167143.0
YDR363W-A	1170242.0
YDR364C	1172369.0
YDR365C	1174589.0
YDR367W	1175005.0
YDR368W	1176067.0
YDR369C	1179826.0
YDR370C	1181335.0
YDR371W	1181588.0
YDR372C	1184635.0
YDR373W	1184929.0
YDR374C	1186710.0
YDR374W-A	1186944.0
YDR375C	1188760.0
YDR376W	1188967.0
YDR377W	1190752.0
YDR378C	1191833.0
YDR379C-A	1195728.0
YDR379W	1192254.0
YDR380W	1196314.0
YDR381C-A	1201059.0
YDR382W	1201605.0
YDR383C	1202897.0
YDR384C	1204288.0
YDR385W	1205380.0
YDR386W	1208249.0
YDR387C	1212151.0
YDR388W	1212319.0
YDR390C	1219030.0
YDR391C	1220224.0
YDR392W	1220812.0
YDR393W	1222032.0
YDR394W	1223734.0
YDR395W	1225366.0
YDR397C	1229110.0
YDR398W	1229594.0
YDR399W	1232157.0
YDR400W	1233154.0
YDR404C	1239522.0
YDR405W	1239769.0
YDR406W	1241240.0
YDR407C	1250186.0
YDR408C	1251073.0
YDR410C	1255325.0
YDR411C	1256615.0
YDR412W	1256797.0
YDR414C	1259060.0
YDR415C	1260393.0
YDR416W	1260523.0
YDR418W	1263759.0
YDR419W	1265343.0
YDR420W	1268149.0
YDR421W	1273587.0
YDR422C	1279458.0
YDR424C	1281496.0
YDR425W	1281643.0
YDR427W	1283804.0
YDR428C	1285903.0
YDR429C	1286949.0
YDR430C	1290183.0
YDR432W	1290386.0
YDR434W	1292773.0
YDR435C	1295613.0
YDR436W	1296339.0
YDR437W	1298937.0
YDR438W	1299862.0
YDR439W	1301250.0
YDR440W	1304057.0
YDR441C	1306870.0
YDR443C	1311639.0
YDR444W	1311859.0
YDR446W	1315023.0
YDR448W	1317343.0
YDR449C	1320254.0
YDR450W	1321207.0
YDR451C	1323554.0
YDR452W	1324039.0
YDR453C	1327040.0
YDR454C	1328153.0
YDR456W	1328752.0
YDR457W	1330986.0
YDR458C	1343406.0
YDR459C	1344850.0
YDR460W	1344984.0
YDR461C-A	1347099.0
YDR462W	1347340.0
YDR463W	1348096.0
YDR465C	1355942.0
YDR466W	1356332.0
YDR468C	1360119.0
YDR469W	1360299.0
YDR470C	1362626.0
YDR471W	1363062.0
YDR472W	1364585.0
YDR473C	1367250.0
YDR475C	1371437.0
YDR476C	1372472.0
YDR477W	1373637.0
YDR478W	1375883.0
YDR479C	1378252.0
YDR480W	1378678.0
YDR481C	1381624.0
YDR482C	1382202.0
YDR483W	1382452.0
YDR484W	1384055.0
YDR485C	1388575.0
YDR486C	1389454.0
YDR487C	1390364.0
YDR488C	1392123.0
YDR489W	1392326.0
YDR490C	1395690.0
YDR492W	1396107.0
YDR493W	1397453.0
YDR494W	1398203.0
YDR495C	1402538.0
YDR497C	1406881.0
YDR498C	1408368.0
YDR499W	1409309.0
YDR501W	1412798.0
YDR502C	1415983.0
YDR503C	1417376.0
YDR505C	1420846.0
YDR506C	1423056.0
YDR507C	1427403.0
YDR508C	1429981.0
YDR510W	1430812.0
YDR511W	1431468.0
YDR512C	1432297.0
YDR513W	1432494.0
YDR514C	1434561.0
YDR515W	1434894.0
YDR516C	1438029.0
YDR517W	1438663.0
YDR518W	1440110.0
YDR519W	1441904.0
YDR520C	1445010.0
YDR523C	1448816.0
YDR524C	1450577.0
YDR524C-B	1451361.0
YDR527W	1452516.0
YDR529C	1458090.0
YDR530C	1459283.0
YDR531W	1459690.0
YDR532C	1462070.0
YDR533C	1463721.0
YDR536W	1469105.0
YDR541C	1482249.0
YEL001C	170166.0
YEL002C	169213.0
YEL004W	166068.0
YEL005C	165922.0
YEL006W	163419.0
YEL007W	160784.0
YEL009C	158912.0
YEL011W	152557.0
YEL012W	151360.0
YEL013W	148040.0
YEL015W	146063.0
YEL016C	145891.0
YEL017W	143090.0
YEL018W	140923.0
YEL019C	140783.0
YEL020C	139840.0
YEL020W-A	135857.0
YEL021W	134856.0
YEL022W	130077.0
YEL023C	129288.0
YEL024W	125918.0
YEL026W	120570.0
YEL027W	119422.0
YEL029C	116614.0
YEL031W	108962.0
YEL032W	105592.0
YEL034W	104372.0
YEL035C	104511.0
YEL036C	103447.0
YEL037C	101537.0
YEL038W	99239.0
YEL039C	98858.0
YEL040W	90865.0
YEL041W	88665.0
YEL042W	86455.0
YEL043W	83270.0
YEL044W	82581.0
YEL046C	81723.0
YEL047C	79641.0
YEL049W	76388.0
YEL050C	74081.0
YEL051W	71496.0
YEL052W	69704.0
YEL053C	69353.0
YEL054C	66411.0
YEL056W	60287.0
YEL058W	56389.0
YEL059C-A	55853.0
YEL060C	55184.0
YEL061C	52836.0
YEL063C	46687.0
YEL064C	44450.0
YEL065W	40795.0
YEL066W	39847.0
YEL068C	39155.0
YEL071W	29502.0
YEL072W	26837.0
YER001W	172607.0
YER002W	175861.0
YER003C	178289.0
YER004W	178699.0
YER005W	179623.0
YER006W	181810.0
YER007C-A	186061.0
YER007W	183632.0
YER008C	191013.0
YER009W	191206.0
YER010C	192496.0
YER011W	194325.0
YER012W	197213.0
YER013W	198226.0
YER014W	201985.0
YER015W	203958.0
YER016W	207694.0
YER017C	211309.0
YER018C	212136.0
YER019C-A	214037.0
YER019W	211842.0
YER020W	214500.0
YER021W	216341.0
YER022W	218194.0
YER023W	220459.0
YER024W	221579.0
YER025W	224616.0
YER026C	228262.0
YER027C	230061.0
YER029C	233001.0
YER030W	233187.0
YER031C	234539.0
YER033C	241022.0
YER034W	241589.0
YER035W	242320.0
YER036C	244984.0
YER037W	245622.0
YER038C	248027.0
YER040W	249478.0
YER041W	252170.0
YER042W	254642.0
YER043C	256905.0
YER044C	257818.0
YER044C-A	259543.0
YER045C	261530.0
YER046W	262918.0
YER047C	266447.0
YER048C	267990.0
YER048W-A	270073.0
YER049W	271145.0
YER051W	274077.0
YER052C	277467.0
YER053C	279165.0
YER054C	283540.0
YER055C	285357.0
YER056C	287643.0
YER057C	290610.0
YER058W	291177.0
YER059W	291904.0
YER060W	293866.0
YER061C	299102.0
YER062C	300178.0
YER063W	301055.0
YER065C	306383.0
YER067W	311400.0
YER068W	312369.0
YER069W	314755.0
YER070W	318305.0
YER071C	321747.0
YER072W	322109.0
YER073W	323358.0
YER074W	325679.0
YER074W-A	327016.0
YER075C	330768.0
YER076C	333386.0
YER078C	338295.0
YER079W	338588.0
YER080W	339665.0
YER081W	342405.0
YER082C	345743.0
YER083C	346797.0
YER084W	346992.0
YER085C	347918.0
YER086W	348185.0
YER087C-B	352626.0
YER087W	350287.0
YER088C	355065.0
YER089C	357408.0
YER090W	357623.0
YER091C	361980.0
YER092W	362590.0
YER093C	367438.0
YER093C-A	368157.0
YER094C	369178.0
YER095W	369655.0
YER096W	371327.0
YER098W	374650.0
YER099C	378449.0
YER100W	378841.0
YER101C	381194.0
YER102W	382451.0
YER103W	383898.0
YER104W	386149.0
YER105C	391399.0
YER106W	391620.0
YER107C	394071.0
YER110C	401592.0
YER111C	405566.0
YER112W	406513.0
YER113C	409554.0
YER114C	413402.0
YER116C	415638.0
YER117W	416108.0
YER118C	418602.0
YER119C	420235.0
YER120W	420467.0
YER121W	421720.0
YER122C	423799.0
YER123W	423993.0
YER124C	428474.0
YER126C	433573.0
YER127W	433826.0
YER128W	435206.0
YER130C	441837.0
YER134C	456908.0
YER136W	458892.0
YER137C	461235.0
YER139C	470781.0
YER140W	470918.0
YER141W	472832.0
YER142C	475509.0
YER143W	475686.0
YER144C	479634.0
YER145C	481164.0
YER146W	481965.0
YER147C	484351.0
YER148W	484535.0
YER149C	486948.0
YER150W	487762.0
YER151C	492229.0
YER153C	494541.0
YER154W	494731.0
YER156C	504088.0
YER157W	504503.0
YER158C	510146.0
YER159C	511404.0
YER161C	514016.0
YER162C	516553.0
YER163C	517410.0
YER164W	518700.0
YER165W	523851.0
YER166W	526063.0
YER168C	536344.0
YER169W	536708.0
YER170W	539539.0
YER171W	540582.0
YER172C	549700.0
YER173W	549892.0
YER174C	552919.0
YER175C	554004.0
YER176W	555271.0
YER177W	559185.0
YER179W	562008.0
YER180C-A	564786.0
YER182W	566107.0
YER183C	567593.0
YFL001W	169528.0
YFL002C	169347.0
YFL003C	158564.0
YFL004W	153153.0
YFL005W	151553.0
YFL007W	144706.0
YFL008W	140744.0
YFL009W	137315.0
YFL010C	137134.0
YFL012W	131651.0
YFL013C	131023.0
YFL014W	128245.0
YFL016C	127293.0
YFL017C	125546.0
YFL017W-A	124692.0
YFL018C	124258.0
YFL021W	117140.0
YFL022C	116119.0
YFL023W	111935.0
YFL024C	111614.0
YFL025C	108244.0
YFL027C	102860.0
YFL028C	101156.0
YFL029C	100121.0
YFL030W	97748.0
YFL031W	96032.0
YFL033C	95505.0
YFL034C-A	85901.0
YFL034C-B	84984.0
YFL034W	86214.0
YFL036W	79494.0
YFL037W	77212.0
YFL038C	76947.0
YFL039C	75757.0
YFL041W	70059.0
YFL042C	68719.0
YFL044C	66521.0
YFL045C	65409.0
YFL046W	63739.0
YFL047W	61355.0
YFL048C	61164.0
YFL049W	57714.0
YFL054C	24450.0
YFL055W	18566.0
YFL059W	13254.0
YFL060C	12997.0
YFR001W	171472.0
YFR002W	172401.0
YFR003C	175579.0
YFR004W	175763.0
YFR005C	178317.0
YFR006W	178516.0
YFR007W	181675.0
YFR008W	182892.0
YFR009W	184844.0
YFR010W	187383.0
YFR011C	189680.0
YFR013W	192241.0
YFR014C	196301.0
YFR015C	198840.0
YFR016C	203197.0
YFR017C	205681.0
YFR018C	207040.0
YFR019W	207247.0
YFR020W	215342.0
YFR021W	217446.0
YFR023W	222472.0
YFR024C-A	226156.0
YFR025C	227489.0
YFR026C	228990.0
YFR027W	230041.0
YFR028C	232789.0
YFR029W	233477.0
YFR030W	235862.0
YFR031C	242745.0
YFR031C-A	244120.0
YFR032C	245609.0
YFR033C	247495.0
YFR034C	248603.0
YFR036W	249545.0
YFR037C	251825.0
YFR038W	251987.0
YFR039C	256274.0
YFR040W	256575.0
YFR041C	260878.0
YFR042W	261027.0
YFR043C	262475.0
YFR044C	264072.0
YFR046C	266779.0
YFR047C	267826.0
YFR048W	268708.0
YFR049W	270972.0
YFR050C	272531.0
YFR051C	274468.0
YFR052W	275092.0
YFR053C	277764.0
YFR055W	286567.0
YGL001C	500886.0
YGL002W	498737.0
YGL003C	498608.0
YGL004C	496310.0
YGL005C	494892.0
YGL006W	490231.0
YGL008C	487241.0
YGL009C	483067.0
YGL010W	479839.0
YGL011C	479616.0
YGL012W	477158.0
YGL013C	476771.0
YGL014W	470052.0
YGL015C	469798.0
YGL016W	465930.0
YGL017W	464147.0
YGL018C	464020.0
YGL019W	462401.0
YGL020C	462255.0
YGL021W	459149.0
YGL022W	456664.0
YGL023C	456467.0
YGL026C	452896.0
YGL027C	450517.0
YGL028C	447418.0
YGL029W	438469.0
YGL030W	437468.0
YGL033W	434045.0
YGL035C	431654.0
YGL036W	427040.0
YGL037C	426501.0
YGL038C	425432.0
YGL039W	422300.0
YGL040C	419105.0
YGL041W-A	417265.0
YGL043W	415935.0
YGL044C	415735.0
YGL045W	412521.0
YGL047W	409914.0
YGL048C	409763.0
YGL049C	408222.0
YGL050W	404202.0
YGL054C	402798.0
YGL055W	400013.0
YGL056C	399170.0
YGL057C	397257.0
YGL058W	395386.0
YGL059W	393647.0
YGL060W	391394.0
YGL061C	391243.0
YGL062W	386614.0
YGL063W	384885.0
YGL064C	384674.0
YGL065C	382773.0
YGL066W	378889.0
YGL067W	377485.0
YGL068W	376512.0
YGL070C	376332.0
YGL071W	373026.0
YGL073W	370141.0
YGL077C	365563.0
YGL078C	363414.0
YGL079W	360888.0
YGL080W	360033.0
YGL081W	358805.0
YGL082W	357226.0
YGL083W	354458.0
YGL084C	353829.0
YGL085W	351050.0
YGL087C	348427.0
YGL090W	344771.0
YGL091C	344582.0
YGL092W	339265.0
YGL093W	336300.0
YGL094C	336106.0
YGL095C	332109.0
YGL096W	326358.0
YGL097W	322483.0
YGL098W	318409.0
YGL099W	315691.0
YGL100W	314307.0
YGL101W	313284.0
YGL103W	312060.0
YGL104C	311298.0
YGL105W	308523.0
YGL106W	307655.0
YGL107C	307456.0
YGL108C	305232.0
YGL110C	304559.0
YGL111W	301076.0
YGL112C	300887.0
YGL113W	296994.0
YGL114W	294580.0
YGL115W	293049.0
YGL116W	290801.0
YGL117W	289568.0
YGL119W	285558.0
YGL120C	285134.0
YGL121C	282322.0
YGL122C	281686.0
YGL123W	278709.0
YGL124C	277938.0
YGL125W	273694.0
YGL126W	272149.0
YGL127C	271988.0
YGL128C	271330.0
YGL129C	270324.0
YGL130W	267266.0
YGL131C	267109.0
YGL133W	258692.0
YGL134W	256744.0
YGL135W	255755.0
YGL136C	255082.0
YGL137W	250978.0
YGL138C	250757.0
YGL139W	246577.0
YGL140C	246374.0
YGL141W	239468.0
YGL142C	239340.0
YGL143C	237165.0
YGL144C	235731.0
YGL145W	231349.0
YGL146C	230899.0
YGL147C	229521.0
YGL148W	227539.0
YGL150C	226967.0
YGL151W	218654.0
YGL153W	217423.0
YGL154C	217275.0
YGL155W	215158.0
YGL156W	211560.0
YGL157W	210130.0
YGL158W	208050.0
YGL159W	203870.0
YGL160W	201609.0
YGL161C	201407.0
YGL162W	199147.0
YGL163C	197742.0
YGL164C	194492.0
YGL166W	192289.0
YGL167C	191939.0
YGL169W	187213.0
YGL170C	186632.0
YGL171W	183576.0
YGL172W	181880.0
YGL173C	181657.0
YGL174W	175728.0
YGL175C	175576.0
YGL176C	174346.0
YGL179C	166384.0
YGL180W	160699.0
YGL181W	159042.0
YGL183C	158581.0
YGL184C	157247.0
YGL185C	155519.0
YGL186C	154012.0
YGL189C	149802.0
YGL190C	148854.0
YGL191W	145990.0
YGL194C-A	141229.0
YGL195W	132692.0
YGL196W	131027.0
YGL197W	125707.0
YGL198W	124793.0
YGL200C	124575.0
YGL201C	122160.0
YGL202W	117137.0
YGL203C	115942.0
YGL205W	109153.0
YGL206C	108765.0
YGL207W	100051.0
YGL208W	98490.0
YGL210W	94942.0
YGL211W	93659.0
YGL212W	92617.0
YGL213C	92451.0
YGL216W	85782.0
YGL219C	85441.0
YGL221C	83470.0
YGL222C	82409.0
YGL223C	81528.0
YGL224C	80120.0
YGL225W	78007.0
YGL226C-A	68398.0
YGL226W	68528.0
YGL227W	64829.0
YGL228W	62733.0
YGL229C	62385.0
YGL230C	59494.0
YGL231C	58824.0
YGL232W	57237.0
YGL233W	54260.0
YGL234W	51564.0
YGL236C	50993.0
YGL237C	48792.0
YGL238W	44722.0
YGL241W	40608.0
YGL242C	40427.0
YGL243W	38490.0
YGL244W	36599.0
YGL246C	33969.0
YGL247W	32089.0
YGL248W	30681.0
YGL249W	28175.0
YGL250W	27064.0
YGL252C	22680.0
YGL253W	19048.0
YGL254W	17443.0
YGL255W	16081.0
YGL257C	9410.0
YGL258W	6157.0
YGL263W	9985.0
YGR001C	502384.0
YGR002C	504241.0
YGR003W	504430.0
YGR004W	507235.0
YGR005C	510214.0
YGR006W	510384.0
YGR007W	511263.0
YGR008C	512775.0
YGR009C	515356.0
YGR010W	515776.0
YGR012W	517453.0
YGR013W	518854.0
YGR014W	520991.0
YGR015C	526319.0
YGR016W	526462.0
YGR017W	527850.0
YGR019W	529412.0
YGR020C	531612.0
YGR021W	531838.0
YGR023W	533327.0
YGR024C	536893.0
YGR026W	537088.0
YGR027C	538717.0
YGR028W	540832.0
YGR029W	542215.0
YGR030C	550930.0
YGR031W	551125.0
YGR032W	552860.0
YGR033C	559801.0
YGR034W	560512.0
YGR035C	562251.0
YGR036C	563607.0
YGR037C	564785.0
YGR038W	565282.0
YGR040W	568543.0
YGR041W	570352.0
YGR042W	572637.0
YGR043C	574649.0
YGR046W	577988.0
YGR047C	582688.0
YGR048W	582960.0
YGR049W	584450.0
YGR050C	585714.0
YGR052W	586637.0
YGR053C	589080.0
YGR054W	589693.0
YGR055W	592568.0
YGR056W	594807.0
YGR057C	598758.0
YGR058W	599300.0
YGR059W	600606.0
YGR060W	603663.0
YGR061C	609257.0
YGR062C	610457.0
YGR063C	611022.0
YGR065C	613046.0
YGR066C	615017.0
YGR067C	618102.0
YGR068C	620339.0
YGR070W	620998.0
YGR071C	627340.0
YGR072W	627462.0
YGR075C	630135.0
YGR076C	630848.0
YGR077C	632742.0
YGR078C	633645.0
YGR080W	635195.0
YGR081C	637024.0
YGR082W	637211.0
YGR083C	640090.0
YGR085C	642128.0
YGR086C	643925.0
YGR087C	646215.0
YGR088W	647810.0
YGR089W	649881.0
YGR090W	655607.0
YGR091W	659814.0
YGR092W	661611.0
YGR093W	663831.0
YGR094W	665760.0
YGR095C	669932.0
YGR096W	670114.0
YGR097W	672187.0
YGR098C	681249.0
YGR099W	681375.0
YGR100W	683704.0
YGR101W	686844.0
YGR102C	688682.0
YGR103W	688930.0
YGR104C	691946.0
YGR105W	692081.0
YGR106C	693383.0
YGR108W	697986.0
YGR109C	701163.0
YGR110W	702885.0
YGR111W	704999.0
YGR112W	706511.0
YGR113W	708055.0
YGR116W	709567.0
YGR117C	715684.0
YGR118W	716148.0
YGR119C	718955.0
YGR120C	720048.0
YGR121C	722181.0
YGR122W	723228.0
YGR123C	727446.0
YGR124W	729440.0
YGR125W	731782.0
YGR126W	735249.0
YGR127W	736284.0
YGR129W	739877.0
YGR130C	743447.0
YGR131W	744148.0
YGR132C	745995.0
YGR134W	747121.0
YGR135W	750815.0
YGR136W	751911.0
YGR138C	755135.0
YGR140W	756989.0
YGR141W	760048.0
YGR142W	761834.0
YGR143W	764399.0
YGR144W	769998.0
YGR145W	771345.0
YGR146C	774793.0
YGR147C	776618.0
YGR148C	777433.0
YGR149W	778615.0
YGR150C	782733.0
YGR152C	791558.0
YGR153W	791970.0
YGR154C	793838.0
YGR155W	794406.0
YGR156W	796293.0
YGR157W	798199.0
YGR158C	801972.0
YGR161C	805427.0
YGR161W-C	806108.0
YGR162W	808576.0
YGR163W	812051.0
YGR165W	813619.0
YGR166W	814992.0
YGR167W	816933.0
YGR168C	819109.0
YGR169C	820492.0
YGR169C-A	821328.0
YGR170W	821652.0
YGR171C	827148.0
YGR172C	828185.0
YGR173W	828374.0
YGR175C	833353.0
YGR178C	838333.0
YGR179C	839828.0
YGR180C	841234.0
YGR181W	843175.0
YGR183C	844453.0
YGR184C	851034.0
YGR185C	852459.0
YGR186W	852653.0
YGR187C	856381.0
YGR188C	860057.0
YGR189C	863813.0
YGR191W	866097.0
YGR192C	869753.0
YGR193C	871734.0
YGR194C	873750.0
YGR195W	874681.0
YGR196C	878151.0
YGR197C	880242.0
YGR198W	880563.0
YGR199W	883367.0
YGR200C	888235.0
YGR201C	889107.0
YGR202C	890668.0
YGR203W	891131.0
YGR204W	891797.0
YGR205W	894990.0
YGR206W	896313.0
YGR207C	897563.0
YGR208W	897729.0
YGR209C	899185.0
YGR210C	900753.0
YGR211W	901044.0
YGR212W	902941.0
YGR214W	906461.0
YGR215W	908028.0
YGR216C	910413.0
YGR217W	910559.0
YGR218W	917778.0
YGR220C	922429.0
YGR221C	924615.0
YGR222W	925457.0
YGR223C	927808.0
YGR225W	930572.0
YGR227W	932876.0
YGR229C	936501.0
YGR230W	937312.0
YGR231C	939082.0
YGR232W	939489.0
YGR233C	943985.0
YGR234W	945441.0
YGR235C	947648.0
YGR236C	948428.0
YGR237C	951283.0
YGR238C	954317.0
YGR239C	955641.0
YGR240C	959522.0
YGR241C	962331.0
YGR243W	962874.0
YGR244C	964970.0
YGR245C	967713.0
YGR246C	969865.0
YGR247W	970402.0
YGR248W	971504.0
YGR249W	973544.0
YGR250C	979305.0
YGR251W	981200.0
YGR252W	982410.0
YGR253C	984790.0
YGR254W	986481.0
YGR255C	989646.0
YGR256W	990177.0
YGR257C	992991.0
YGR258C	996381.0
YGR260W	997860.0
YGR261C	1002372.0
YGR262C	1003369.0
YGR263C	1004827.0
YGR264C	1007482.0
YGR266W	1008179.0
YGR267C	1011475.0
YGR268C	1012249.0
YGR270W	1012835.0
YGR271C-A	1024086.0
YGR271W	1017346.0
YGR273C	1024873.0
YGR274C	1028692.0
YGR276C	1031072.0
YGR277C	1032149.0
YGR278W	1032291.0
YGR279C	1035685.0
YGR280C	1037363.0
YGR281W	1038208.0
YGR282C	1044354.0
YGR284C	1047237.0
YGR285C	1048764.0
YGR286C	1050576.0
YGR292W	1060444.0
YGR295C	331857.0
YHL001W	100921.0
YHL002W	99258.0
YHL003C	98682.0
YHL004W	95803.0
YHL006C	95522.0
YHL007C	94739.0
YHL008C	91102.0
YHL009C	87487.0
YHL010C	86077.0
YHL011C	84015.0
YHL013C	80488.0
YHL014C	79447.0
YHL015W	77498.0
YHL016C	76399.0
YHL017W	72375.0
YHL018W	71816.0
YHL019C	71704.0
YHL020C	69663.0
YHL021C	68036.0
YHL022C	66408.0
YHL023C	64714.0
YHL024W	58601.0
YHL025W	56848.0
YHL026C	56410.0
YHL027W	53059.0
YHL028W	50691.0
YHL029C	50020.0
YHL030W	42105.0
YHL031C	41533.0
YHL032C	40517.0
YHL033C	38082.0
YHL034C	36213.0
YHL036W	28256.0
YHL038C	27589.0
YHL039W	23776.0
YHL040C	23202.0
YHL044W	15573.0
YHL047C	12268.0
YHL048W	8425.0
YHR001W	102697.0
YHR001W-A	104437.0
YHR002W	105330.0
YHR003C	108002.0
YHR004C	109904.0
YHR005C	111673.0
YHR005C-A	112594.0
YHR006W	114087.0
YHR007C	118170.0
YHR008C	119982.0
YHR009C	122252.0
YHR010W	122824.0
YHR011W	124102.0
YHR012W	125798.0
YHR013C	127815.0
YHR014W	128330.0
YHR015W	130938.0
YHR017W	135092.0
YHR018C	137865.0
YHR019C	140006.0
YHR020W	140257.0
YHR023W	147666.0
YHR024C	155286.0
YHR025W	155458.0
YHR026W	156785.0
YHR027C	160822.0
YHR028C	163506.0
YHR029C	164641.0
YHR030C	166585.0
YHR031C	169049.0
YHR032W	169282.0
YHR033W	171570.0
YHR034C	174065.0
YHR035W	174218.0
YHR036W	176258.0
YHR037W	177953.0
YHR038W	180085.0
YHR039C	182952.0
YHR039C-A	183731.0
YHR040W	183944.0
YHR042W	186539.0
YHR044C	189629.0
YHR045W	190187.0
YHR046C	193116.0
YHR047C	196102.0
YHR048W	199321.0
YHR049W	201179.0
YHR050W	202370.0
YHR051W	204354.0
YHR052W	205575.0
YHR055C	207532.0
YHR056C	210642.0
YHR057C	211615.0
YHR058C	212658.0
YHR059W	212806.0
YHR060W	213492.0
YHR061C	215443.0
YHR062C	216540.0
YHR063C	217955.0
YHR066W	222060.0
YHR067W	223699.0
YHR068W	224840.0
YHR069C	227434.0
YHR070W	227622.0
YHR071W	229406.0
YHR072W	232836.0
YHR072W-A	235395.0
YHR073W	236264.0
YHR074W	239954.0
YHR075C	243492.0
YHR076W	244856.0
YHR077C	249606.0
YHR078W	250126.0
YHR079C	255638.0
YHR079C-A	256355.0
YHR080C	260831.0
YHR081W	261309.0
YHR083W	266409.0
YHR084W	267633.0
YHR085W	270533.0
YHR086W	271718.0
YHR087W	274536.0
YHR088W	275254.0
YHR089C	277124.0
YHR090C	278456.0
YHR091C	280592.0
YHR096C	290397.0
YHR098C	295813.0
YHR100C	308526.0
YHR101C	309811.0
YHR102W	310199.0
YHR103W	313974.0
YHR104W	317185.0
YHR105W	318494.0
YHR106W	319411.0
YHR107C	321912.0
YHR108W	322073.0
YHR109W	324113.0
YHR110W	326074.0
YHR111W	326872.0
YHR112C	329512.0
YHR113W	330145.0
YHR114W	331828.0
YHR115C	335337.0
YHR117W	336114.0
YHR118C	339438.0
YHR119W	339594.0
YHR121W	346474.0
YHR122W	347355.0
YHR123W	348585.0
YHR124W	350196.0
YHR127W	355013.0
YHR128W	356198.0
YHR129C	358370.0
YHR131C	362096.0
YHR132C	363961.0
YHR132W-A	364134.0
YHR133C	365766.0
YHR135C	368549.0
YHR136C	369454.0
YHR137W	369797.0
YHR138C	371828.0
YHR139C	373310.0
YHR140W	374659.0
YHR142W	377517.0
YHR143W	379344.0
YHR143W-A	381305.0
YHR144C	382861.0
YHR146W	384369.0
YHR147C	387480.0
YHR148W	387668.0
YHR149C	390964.0
YHR150W	391346.0
YHR151C	395186.0
YHR152W	395510.0
YHR153C	396859.0
YHR154W	397104.0
YHR155W	401167.0
YHR156C	406539.0
YHR157W	407028.0
YHR158C	411474.0
YHR159W	411639.0
YHR160C	414258.0
YHR161C	416592.0
YHR162W	417054.0
YHR163W	417885.0
YHR164C	423437.0
YHR166C	433312.0
YHR167W	433457.0
YHR168W	434510.0
YHR169W	436291.0
YHR170W	437945.0
YHR171W	439864.0
YHR172W	442386.0
YHR173C	445577.0
YHR174W	445464.0
YHR176W	448319.0
YHR177W	450740.0
YHR178W	453420.0
YHR179W	456638.0
YHR180W	459103.0
YHR181W	461186.0
YHR182W	462173.0
YHR183W	464872.0
YHR184W	466716.0
YHR185C	469425.0
YHR186C	475384.0
YHR187W	475616.0
YHR188C	478518.0
YHR189W	478682.0
YHR190W	479457.0
YHR191C	481307.0
YHR192W	481452.0
YHR193C	482929.0
YHR194W	483251.0
YHR195W	485244.0
YHR199C	493096.0
YHR200W	493716.0
YHR201C	495817.0
YHR202W	497009.0
YHR203C	500222.0
YHR204W	500925.0
YHR205W	503580.0
YHR206W	507104.0
YHR207C	511192.0
YHR208W	512160.0
YHR209W	514060.0
YIL001W	346279.0
YIL002C	346016.0
YIL002W-A	342671.0
YIL003W	341472.0
YIL004C	340924.0
YIL005W	337959.0
YIL006W	336446.0
YIL007C	336082.0
YIL008W	334875.0
YIL009W	331733.0
YIL010W	321318.0
YIL011W	320204.0
YIL013C	319064.0
YIL014C-A	312113.0
YIL014W	312437.0
YIL016W	307599.0
YIL018W	302893.0
YIL019W	301243.0
YIL020C	301032.0
YIL021W	299013.0
YIL022W	297226.0
YIL024C	295391.0
YIL026C	294152.0
YIL027C	290309.0
YIL030C	284685.0
YIL031W	277075.0
YIL033C	276387.0
YIL034C	274714.0
YIL035C	273663.0
YIL036W	270116.0
YIL038C	267488.0
YIL039W	262997.0
YIL040W	262311.0
YIL041W	261098.0
YIL042C	260925.0
YIL043C	259553.0
YIL044C	258453.0
YIL045W	255650.0
YIL046W	253025.0
YIL047C	252424.0
YIL048W	245762.0
YIL049W	244735.0
YIL050W	243420.0
YIL051C	242929.0
YIL053W	239660.0
YIL055C	238563.0
YIL056W	234565.0
YIL057C	233055.0
YIL059C	231628.0
YIL061C	230482.0
YIL062C	229404.0
YIL063C	228661.0
YIL065C	226691.0
YIL066C	225645.0
YIL067C	222694.0
YIL068C	220408.0
YIL069C	217312.0
YIL070C	216008.0
YIL071C	214868.0
YIL072W	211424.0
YIL073C	210852.0
YIL074C	207482.0
YIL075C	205608.0
YIL076W	201517.0
YIL077C	200841.0
YIL078W	197327.0
YIL083C	195064.0
YIL084C	193608.0
YIL085C	192392.0
YIL087C	190500.0
YIL088C	189732.0
YIL090W	183764.0
YIL091C	183538.0
YIL092W	179319.0
YIL093C	179174.0
YIL094C	177994.0
YIL095W	174065.0
YIL096C	173448.0
YIL097W	170712.0
YIL098C	170576.0
YIL099W	168272.0
YIL101C	167650.0
YIL102C-A	163884.0
YIL103W	161943.0
YIL104C	161783.0
YIL105C	160027.0
YIL106W	156601.0
YIL107C	156195.0
YIL108W	151128.0
YIL109C	150515.0
YIL110W	146284.0
YIL111W	145581.0
YIL112W	141833.0
YIL113W	140799.0
YIL114C	140293.0
YIL115C	139165.0
YIL116W	133183.0
YIL117C	131975.0
YIL118W	129925.0
YIL119C	128344.0
YIL121W	122485.0
YIL122W	120589.0
YIL123W	118420.0
YIL124W	116498.0
YIL125W	112972.0
YIL126W	108245.0
YIL127C	108003.0
YIL128W	104065.0
YIL129C	103680.0
YIL130W	93001.0
YIL131C	92669.0
YIL132C	90870.0
YIL133C	89793.0
YIL134W	87730.0
YIL135C	86790.0
YIL136W	83942.0
YIL137C	83197.0
YIL138C	80092.0
YIL139C	79043.0
YIL140W	75615.0
YIL142W	73624.0
YIL143C	73434.0
YIL144W	68352.0
YIL145C	67698.0
YIL146C	66320.0
YIL147C	64027.0
YIL149C	58567.0
YIL150C	53117.0
YIL151C	51216.0
YIL152W	46872.0
YIL153W	45534.0
YIL154C	45403.0
YIL155C	44109.0
YIL156W	38437.0
YIL156W-B	38025.0
YIL157C	37911.0
YIL158W	36538.0
YIL159W	32146.0
YIL160C	31823.0
YIL161W	29795.0
YIL162W	27722.0
YIL164C	25093.0
YIL166C	23340.0
YIR001C	349356.0
YIR002C	352883.0
YIR003W	353251.0
YIR004W	355606.0
YIR005W	357240.0
YIR006C	362254.0
YIR007W	362999.0
YIR008C	366667.0
YIR009W	366802.0
YIR010W	367702.0
YIR011C	370588.0
YIR012W	370778.0
YIR015W	374240.0
YIR016W	374913.0
YIR017C	376431.0
YIR018W	376907.0
YIR019C	384812.0
YIR021W	388283.0
YIR022W	389730.0
YIR023W	390800.0
YIR024C	394525.0
YIR025W	394649.0
YIR026C	397016.0
YIR027C	398764.0
YIR028W	399475.0
YIR029W	401790.0
YIR030C	403833.0
YIR031C	405726.0
YIR032C	406651.0
YIR033W	407102.0
YIR034C	411790.0
YIR035C	412878.0
YIR036C	413910.0
YIR037W	414077.0
YIR038C	415534.0
YIR039C	423290.0
YIR042C	913076.0
YJL001W	446267.0
YJL002C	445848.0
YJL003W	443738.0
YJL004C	443354.0
YJL005W	436146.0
YJL006C	435286.0
YJL008C	432823.0
YJL010C	430719.0
YJL011C	425570.0
YJL012C	424206.0
YJL013C	421792.0
YJL014W	418293.0
YJL019W	413552.0
YJL020C	413260.0
YJL023C	409065.0
YJL024C	407296.0
YJL025W	404553.0
YJL026W	403020.0
YJL029C	401606.0
YJL030W	398311.0
YJL031C	398191.0
YJL033W	394501.0
YJL034W	391984.0
YJL035C	391749.0
YJL036W	389401.0
YJL037W	386945.0
YJL038C	386162.0
YJL039C	384315.0
YJL042W	371543.0
YJL044C	370074.0
YJL045W	366361.0
YJL046W	362589.0
YJL047C	362442.0
YJL048C	358890.0
YJL049W	356179.0
YJL050W	352695.0
YJL052W	348432.0
YJL053W	346078.0
YJL054W	344497.0
YJL055W	343593.0
YJL056C	343318.0
YJL057C	340431.0
YJL058C	338174.0
YJL059W	335180.0
YJL060W	333644.0
YJL061W	330226.0
YJL062W	327503.0
YJL062W-A	326957.0
YJL063C	326771.0
YJL065C	325849.0
YJL066C	325169.0
YJL068C	324194.0
YJL070C	320940.0
YJL071W	316307.0
YJL072C	316159.0
YJL073W	313357.0
YJL074C	313131.0
YJL076W	305467.0
YJL078C	304277.0
YJL079C	301130.0
YJL080C	299606.0
YJL081C	295532.0
YJL082W	291274.0
YJL083W	288993.0
YJL084C	288349.0
YJL085W	282981.0
YJL087C	282793.0
YJL088W	278979.0
YJL089W	276013.0
YJL090C	275332.0
YJL092W	267419.0
YJL094C	264697.0
YJL095W	257406.0
YJL096W	256672.0
YJL097W	255766.0
YJL098W	252115.0
YJL099W	249549.0
YJL100W	247447.0
YJL101C	246730.0
YJL102W	241481.0
YJL103C	241298.0
YJL104W	237527.0
YJL106W	231328.0
YJL107C	230344.0
YJL110C	221889.0
YJL111W	218050.0
YJL112W	215511.0
YJL115W	206131.0
YJL116C	205009.0
YJL117W	202403.0
YJL118W	201599.0
YJL121C	201026.0
YJL122W	199623.0
YJL123C	199372.0
YJL124C	197728.0
YJL125C	196616.0
YJL126W	194411.0
YJL127C	194205.0
YJL127C-B	191711.0
YJL128C	190239.0
YJL129C	187490.0
YJL130C	182422.0
YJL131C	175282.0
YJL132W	171817.0
YJL133C-A	169781.0
YJL133W	170416.0
YJL134W	168046.0
YJL137C	166048.0
YJL138C	164642.0
YJL139C	162985.0
YJL140W	160770.0
YJL141C	160381.0
YJL143W	156963.0
YJL144W	156219.0
YJL145W	155018.0
YJL146W	153057.0
YJL147C	152525.0
YJL148W	150271.0
YJL149W	147226.0
YJL151C	146700.0
YJL153C	145832.0
YJL154C	143900.0
YJL155C	140725.0
YJL156C	138931.0
YJL158C	132892.0
YJL159W	130370.0
YJL160C	128833.0
YJL161W	127192.0
YJL162C	125648.0
YJL163C	123337.0
YJL164C	121353.0
YJL165C	119521.0
YJL166W	116344.0
YJL167W	114934.0
YJL168C	114497.0
YJL170C	111834.0
YJL171C	110910.0
YJL172W	107698.0
YJL173C	106187.0
YJL174W	104627.0
YJL176C	104243.0
YJL177W	100412.0
YJL178C	99782.0
YJL179W	98358.0
YJL180C	98232.0
YJL181W	95285.0
YJL183W	93652.0
YJL184W	93053.0
YJL185C	92687.0
YJL186W	89766.0
YJL187C	89062.0
YJL189W	85554.0
YJL190C	84984.0
YJL192C	83086.0
YJL193W	81008.0
YJL194W	78921.0
YJL196C	78449.0
YJL197W	73408.0
YJL198W	70439.0
YJL200C	67815.0
YJL201W	63341.0
YJL203W	62267.0
YJL204C	62151.0
YJL205C	59459.0
YJL206C	58892.0
YJL207C	56431.0
YJL208C	50202.0
YJL209W	46910.0
YJL210W	45832.0
YJL212C	45242.0
YJL213W	40790.0
YJL218W	31760.0
YJR001W	447890.0
YJR002W	449978.0
YJR003C	453817.0
YJR005C-A	460021.0
YJR005W	457108.0
YJR006W	460436.0
YJR007W	462166.0
YJR008W	463668.0
YJR009C	465971.0
YJR010C-A	469607.0
YJR010W	467420.0
YJR011C	470670.0
YJR012C	471414.0
YJR013W	471543.0
YJR014W	472983.0
YJR015W	473885.0
YJR016C	477419.0
YJR019C	479491.0
YJR021C	480819.0
YJR024C	482168.0
YJR025C	482894.0
YJR030C	485929.0
YJR031C	490570.0
YJR033C	496181.0
YJR034W	496323.0
YJR036C	503266.0
YJR039W	503421.0
YJR040W	507425.0
YJR041C	513551.0
YJR042W	513753.0
YJR043C	517302.0
YJR044C	518970.0
YJR045C	521447.0
YJR046W	521739.0
YJR048W	525968.0
YJR049C	528195.0
YJR050W	528372.0
YJR051W	529548.0
YJR052W	531702.0
YJR053W	533663.0
YJR055W	538123.0
YJR056C	541722.0
YJR057W	543649.0
YJR058C	544850.0
YJR059W	545306.0
YJR060W	548231.0
YJR061W	549820.0
YJR062C	554456.0
YJR063W	554739.0
YJR064W	555455.0
YJR065C	558775.0
YJR066W	558975.0
YJR067C	567052.0
YJR068W	567184.0
YJR069C	569043.0
YJR072C	571753.0
YJR073C	572553.0
YJR074W	572336.0
YJR075W	573515.0
YJR076C	576231.0
YJR077C	577812.0
YJR078W	578483.0
YJR080C	581248.0
YJR082C	581956.0
YJR083C	583174.0
YJR084W	583306.0
YJR085C	585077.0
YJR086W	585632.0
YJR088C	587003.0
YJR089W	587226.0
YJR090C	594217.0
YJR091C	597961.0
YJR092W	598282.0
YJR093C	603886.0
YJR094C	605257.0
YJR094W-A	607883.0
YJR095W	609222.0
YJR096W	610670.0
YJR097W	611918.0
YJR098C	614846.0
YJR099W	615052.0
YJR100C	616933.0
YJR101W	617767.0
YJR102C	619487.0
YJR103W	620169.0
YJR104C	622656.0
YJR105W	623148.0
YJR106W	624410.0
YJR107W	626780.0
YJR109C	632563.0
YJR110W	633084.0
YJR111C	636443.0
YJR112W	636626.0
YJR112W-A	637385.0
YJR113C	638645.0
YJR116W	640412.0
YJR117W	641559.0
YJR118C	643721.0
YJR119C	646105.0
YJR121W	647188.0
YJR122W	649291.0
YJR123W	651446.0
YJR124C	653862.0
YJR125C	655609.0
YJR126C	658262.0
YJR129C	664652.0
YJR130C	666786.0
YJR131W	667186.0
YJR132W	669052.0
YJR133W	672491.0
YJR134C	675496.0
YJR135C	676402.0
YJR135W-A	676541.0
YJR136C	678320.0
YJR137C	682920.0
YJR138W	684132.0
YJR139C	690180.0
YJR140C	695349.0
YJR141W	695465.0
YJR142W	696716.0
YJR143C	700264.0
YJR144W	700426.0
YJR145C	702686.0
YJR147W	703730.0
YJR148W	705264.0
YJR149W	706765.0
YJR152W	718974.0
YKL001C	451159.0
YKL002W	449432.0
YKL003C	449264.0
YKL004W	446955.0
YKL005C	446724.0
YKL006C-A	442422.0
YKL006W	443621.0
YKL007W	441021.0
YKL008C	440368.0
YKL009W	437954.0
YKL010C	437727.0
YKL011C	432967.0
YKL012W	429995.0
YKL013C	429816.0
YKL015W	420217.0
YKL016C	419810.0
YKL017C	418998.0
YKL018C-A	415681.0
YKL018W	415811.0
YKL019W	414267.0
YKL020C	413905.0
YKL023W	405512.0
YKL025C	404047.0
YKL026C	401745.0
YKL027W	399184.0
YKL028W	397458.0
YKL029C	396524.0
YKL032C	393692.0
YKL033W	387190.0
YKL033W-A	386169.0
YKL034W	383478.0
YKL035W	381558.0
YKL038W	377103.0
YKL039W	374202.0
YKL040C	373576.0
YKL041W	371769.0
YKL042W	370061.0
YKL043W	368266.0
YKL045W	364915.0
YKL046C	364350.0
YKL047W	360914.0
YKL048C	360716.0
YKL049C	358303.0
YKL050C	357184.0
YKL051W	352693.0
YKL052C	352058.0
YKL053C-A	351014.0
YKL054C	350333.0
YKL055C	347732.0
YKL056C	346502.0
YKL057C	345571.0
YKL058W	341680.0
YKL059C	341057.0
YKL060C	339054.0
YKL061W	337284.0
YKL062W	334661.0
YKL063C	333241.0
YKL064W	329131.0
YKL065C	328648.0
YKL065W-A	327481.0
YKL067W	326298.0
YKL068W	321863.0
YKL068W-A	320915.0
YKL069W	319036.0
YKL071W	316645.0
YKL072W	305809.0
YKL073W	302828.0
YKL074C	302649.0
YKL075C	300858.0
YKL077W	297821.0
YKL078W	295255.0
YKL079W	292930.0
YKL080W	291376.0
YKL081W	289301.0
YKL082C	288829.0
YKL084W	286922.0
YKL085W	285472.0
YKL086W	284639.0
YKL087C	284404.0
YKL088W	281692.0
YKL089W	279803.0
YKL090W	278311.0
YKL091C	277132.0
YKL092C	275974.0
YKL093W	271162.0
YKL094W	269760.0
YKL095W	268529.0
YKL096W	267515.0
YKL096W-A	265635.0
YKL098W	263146.0
YKL099C	262969.0
YKL100C	261911.0
YKL101W	255018.0
YKL103C	254162.0
YKL104C	251997.0
YKL105C	249204.0
YKL106W	243846.0
YKL107W	242504.0
YKL108W	240794.0
YKL109W	238364.0
YKL110C	236342.0
YKL112W	232812.0
YKL113C	232326.0
YKL114C	230917.0
YKL116C	229367.0
YKL117W	226703.0
YKL119C	225689.0
YKL120W	223685.0
YKL121W	220346.0
YKL122C	219465.0
YKL124W	216929.0
YKL126W	211912.0
YKL127W	209929.0
YKL128C	208552.0
YKL129C	207005.0
YKL130C	202826.0
YKL132C	201737.0
YKL133C	199860.0
YKL134C	198242.0
YKL135C	195519.0
YKL137W	192654.0
YKL138C	192505.0
YKL138C-A	191783.0
YKL139W	189509.0
YKL140W	187450.0
YKL141W	186361.0
YKL142W	185185.0
YKL143W	183487.0
YKL144C	183275.0
YKL145W	180873.0
YKL146W	178492.0
YKL148C	178009.0
YKL149C	175576.0
YKL150W	173217.0
YKL151C	172681.0
YKL152C	171156.0
YKL154W	168269.0
YKL155C	168093.0
YKL156W	165307.0
YKL157W	161717.0
YKL159C	161250.0
YKL160W	160001.0
YKL161C	157505.0
YKL162C	155621.0
YKL163W	151072.0
YKL164C	149565.0
YKL165C	147470.0
YKL166C	142633.0
YKL167C	140893.0
YKL168C	140236.0
YKL170W	137326.0
YKL171W	134157.0
YKL172W	132466.0
YKL173W	129230.0
YKL174C	129063.0
YKL175W	125488.0
YKL176C	125073.0
YKL179C	119304.0
YKL180W	115989.0
YKL181W	113881.0
YKL182W	107181.0
YKL183W	105319.0
YKL184W	103290.0
YKL185W	100893.0
YKL186C	100085.0
YKL187C	98316.0
YKL188C	95571.0
YKL189W	91343.0
YKL190W	89304.0
YKL191W	87408.0
YKL192C	86978.0
YKL193C	86323.0
YKL194C	85085.0
YKL195W	82177.0
YKL196C	81971.0
YKL197C	80283.0
YKL198C	76709.0
YKL201C	74025.0
YKL203C	69931.0
YKL204W	60062.0
YKL205W	56403.0
YKL206C	56223.0
YKL208W	53540.0
YKL210W	45507.0
YKL211C	44612.0
YKL212W	40704.0
YKL213C	40500.0
YKL214C	38129.0
YKL215C	37132.0
YKL216W	31543.0
YKL217W	28553.0
YKL218C	24757.0
YKL221W	12367.0
YKL222C	12126.0
YKR001C	454519.0
YKR002W	454756.0
YKR003W	457002.0
YKR004C	459812.0
YKR005C	461927.0
YKR006C	462955.0
YKR007W	463144.0
YKR008W	463895.0
YKR009C	468854.0
YKR010C	472741.0
YKR011C	474177.0
YKR013W	475309.0
YKR014C	477635.0
YKR016W	481094.0
YKR017C	484887.0
YKR018C	487361.0
YKR019C	489567.0
YKR020W	489743.0
YKR021W	490583.0
YKR022C	494617.0
YKR023W	494793.0
YKR024C	498820.0
YKR025W	499160.0
YKR026C	501154.0
YKR027W	503008.0
YKR028W	505636.0
YKR029C	511605.0
YKR030W	511981.0
YKR031C	518241.0
YKR034W	518596.0
YKR035W-A	519680.0
YKR037C	523586.0
YKR038C	524923.0
YKR039W	527048.0
YKR041W	529894.0
YKR042W	531035.0
YKR043C	533459.0
YKR044W	533582.0
YKR045C	535731.0
YKR046C	536815.0
YKR048C	538396.0
YKR049C	538985.0
YKR050W	539525.0
YKR051W	542565.0
YKR052C	545250.0
YKR053C	547018.0
YKR054C	559712.0
YKR055W	559880.0
YKR056W	561277.0
YKR057W	563341.0
YKR058W	564311.0
YKR059W	566672.0
YKR060W	568199.0
YKR061W	569378.0
YKR062W	571315.0
YKR063C	574030.0
YKR064W	574227.0
YKR065C	577633.0
YKR066C	578934.0
YKR067W	579546.0
YKR068C	582664.0
YKR069W	583172.0
YKR070W	585267.0
YKR071C	587696.0
YKR072C	589987.0
YKR074W	596793.0
YKR075C	598438.0
YKR076W	599896.0
YKR077W	601263.0
YKR078W	602573.0
YKR080W	607886.0
YKR081C	610200.0
YKR082W	610416.0
YKR083C	614542.0
YKR084C	616564.0
YKR085C	617329.0
YKR086W	617472.0
YKR087C	621893.0
YKR088C	623070.0
YKR089C	626083.0
YKR090W	626410.0
YKR091W	629130.0
YKR093W	633283.0
YKR095W	637277.0
YKR095W-A	643481.0
YKR096W	644368.0
YKR097W	648727.0
YKR098C	652940.0
YKR099W	653222.0
YKR100C	657947.0
YKR101W	658158.0
YLL001W	148456.0
YLL002W	146886.0
YLL003W	143760.0
YLL004W	141672.0
YLL006W	137169.0
YLL007C	137008.0
YLL009C	132097.0
YLL010C	131487.0
YLL011W	128133.0
YLL012W	126093.0
YLL013C	125599.0
YLL014W	121919.0
YLL015W	116913.0
YLL018C	112232.0
YLL018C-A	109646.0
YLL019C	108778.0
YLL021W	101407.0
YLL022C	100812.0
YLL023C	99507.0
YLL024C	98133.0
YLL026W	89208.0
YLL027W	87897.0
YLL028W	85288.0
YLL029W	81972.0
YLL031C	80873.0
YLL032C	77431.0
YLL033W	74012.0
YLL034C	73804.0
YLL036C	68899.0
YLL038C	67154.0
YLL039C	65904.0
YLL040C	64364.0
YLL041C	54575.0
YLL043W	50453.0
YLL045C	49264.0
YLL046C	48145.0
YLL048C	47038.0
YLL049W	41288.0
YLL050C	41068.0
YLL051C	40123.0
YLL054C	35852.0
YLL055W	30481.0
YLL057C	27416.0
YLL058W	23917.0
YLL060C	22219.0
YLL061W	18356.0
YLL062C	18038.0
YLR001C	154855.0
YLR002C	157230.0
YLR003C	158588.0
YLR004C	160359.0
YLR005W	160844.0
YLR006C	164906.0
YLR007W	165238.0
YLR008C	167032.0
YLR009W	167198.0
YLR010C	168651.0
YLR011W	169864.0
YLR015W	175979.0
YLR016C	178254.0
YLR017W	178425.0
YLR018C	180467.0
YLR019W	180834.0
YLR020C	184248.0
YLR021W	184395.0
YLR022C	185740.0
YLR023C	188119.0
YLR025W	195181.0
YLR026C	197387.0
YLR027C	198910.0
YLR028C	202263.0
YLR029C	203406.0
YLR030W	204051.0
YLR032W	205735.0
YLR033W	209496.0
YLR034C	212807.0
YLR035C	215283.0
YLR038C	220103.0
YLR043C	226909.0
YLR044C	228957.0
YLR045C	232607.0
YLR047C	236528.0
YLR048W	237046.0
YLR049C	240023.0
YLR050C	240994.0
YLR051C	241832.0
YLR052W	242029.0
YLR053C	243272.0
YLR055C	247955.0
YLR056W	248611.0
YLR057W	250058.0
YLR058C	254302.0
YLR059C	255367.0
YLR060W	255760.0
YLR061W	257968.0
YLR064W	260256.0
YLR065C	261762.0
YLR066W	261937.0
YLR068W	265784.0
YLR069C	268747.0
YLR070C	270063.0
YLR071C	273479.0
YLR072W	273655.0
YLR074C	277307.0
YLR075W	277720.0
YLR077W	278644.0
YLR078C	281426.0
YLR079W	281582.0
YLR082C	288444.0
YLR083C	291018.0
YLR084C	295139.0
YLR085C	296848.0
YLR086W	297002.0
YLR088W	310890.0
YLR089C	315032.0
YLR090W	315464.0
YLR091W	317041.0
YLR092W	318331.0
YLR093C	322309.0
YLR094C	324133.0
YLR095C	326983.0
YLR096W	327233.0
YLR097C	332183.0
YLR098C	334322.0
YLR099C	335867.0
YLR099W-A	336132.0
YLR100W	336627.0
YLR102C	338621.0
YLR103C	340864.0
YLR104W	341390.0
YLR105C	343035.0
YLR107W	358940.0
YLR108C	363107.0
YLR109W	363639.0
YLR110C	365041.0
YLR113W	366343.0
YLR114C	371867.0
YLR115W	372516.0
YLR116W	375410.0
YLR117C	379123.0
YLR118C	379998.0
YLR119W	380136.0
YLR120C	382872.0
YLR121C	384850.0
YLR126C	390150.0
YLR127C	392948.0
YLR128W	393022.0
YLR130C	398697.0
YLR132C	402784.0
YLR133W	402976.0
YLR135W	407788.0
YLR136C	411285.0
YLR137W	411570.0
YLR138W	412845.0
YLR139C	418056.0
YLR141W	418213.0
YLR142W	419704.0
YLR143W	422553.0
YLR144C	427280.0
YLR145W	427406.0
YLR146C	429014.0
YLR146W-A	429107.0
YLR147C	429740.0
YLR148W	429840.0
YLR149C	435128.0
YLR150W	435630.0
YLR151C	437982.0
YLR152C	440090.0
YLR153C	442838.0
YLR154C	443568.0
YLR163C	464434.0
YLR164W	464993.0
YLR165C	466422.0
YLR166C	469235.0
YLR167W	470044.0
YLR168C	471449.0
YLR170C	472250.0
YLR172C	473324.0
YLR173W	473510.0
YLR174W	475693.0
YLR175W	477261.0
YLR176C	481335.0
YLR177W	482162.0
YLR179C	485954.0
YLR180W	486364.0
YLR181C	488895.0
YLR182W	489065.0
YLR183C	493246.0
YLR185W	493771.0
YLR186W	494732.0
YLR187W	495791.0
YLR188W	499378.0
YLR189C	505628.0
YLR190W	505996.0
YLR191W	508381.0
YLR192C	510795.0
YLR193C	511712.0
YLR194C	512747.0
YLR195C	514489.0
YLR196W	515048.0
YLR197W	517213.0
YLR199C	519967.0
YLR200W	520135.0
YLR201C	521513.0
YLR203C	523192.0
YLR204W	523407.0
YLR205C	524897.0
YLR206W	525618.0
YLR207W	527912.0
YLR208W	530626.0
YLR209C	532957.0
YLR210W	533121.0
YLR211C	535770.0
YLR212C	537477.0
YLR213C	539140.0
YLR214W	539695.0
YLR215C	543076.0
YLR216C	544419.0
YLR218C	545360.0
YLR219W	545133.0
YLR220W	547850.0
YLR221C	550245.0
YLR223C	556995.0
YLR224W	557554.0
YLR225C	560171.0
YLR226W	560503.0
YLR227C	563418.0
YLR228C	567942.0
YLR229C	570271.0
YLR231C	572765.0
YLR233C	575189.0
YLR234W	575362.0
YLR237W	577917.0
YLR238W	580295.0
YLR239C	582950.0
YLR240W	583139.0
YLR241W	586034.0
YLR242C	589591.0
YLR243W	589742.0
YLR244C	591965.0
YLR245C	592566.0
YLR246W	592714.0
YLR247C	598998.0
YLR248W	599795.0
YLR249W	602352.0
YLR250W	605887.0
YLR251W	606952.0
YLR253W	608168.0
YLR254C	610669.0
YLR256W	611743.0
YLR257W	618324.0
YLR258W	620351.0
YLR259C	624738.0
YLR260W	625418.0
YLR262C	628644.0
YLR262C-A	629360.0
YLR263W	629984.0
YLR264W	632779.0
YLR266C	637426.0
YLR267W	637813.0
YLR268W	639821.0
YLR270W	640762.0
YLR271W	642419.0
YLR272C	646933.0
YLR273C	651298.0
YLR274W	651553.0
YLR275W	654355.0
YLR276C	656958.0
YLR277C	659630.0
YLR278C	664098.0
YLR281C	664944.0
YLR283W	665132.0
YLR284C	667072.0
YLR285W	667296.0
YLR286C	670307.0
YLR287C	672066.0
YLR288C	674844.0
YLR289W	674974.0
YLR290C	677915.0
YLR291C	679416.0
YLR292C	680308.0
YLR293C	681432.0
YLR295C	682331.0
YLR297W	683851.0
YLR298C	685337.0
YLR299W	685903.0
YLR300W	688773.0
YLR301W	690711.0
YLR303W	692079.0
YLR304C	697166.0
YLR305C	703489.0
YLR306W	703649.0
YLR307C-A	706756.0
YLR307W	705123.0
YLR308W	707441.0
YLR309C	711370.0
YLR310C	716723.0
YLR312C	718502.0
YLR312W-A	719036.0
YLR313C	721960.0
YLR314C	723768.0
YLR315W	724320.0
YLR318W	726135.0
YLR319C	731314.0
YLR320W	731497.0
YLR321C	737442.0
YLR323C	738551.0
YLR324W	738711.0
YLR325C	740963.0
YLR326W	741620.0
YLR327C	743038.0
YLR329W	745976.0
YLR330W	747220.0
YLR332W	749788.0
YLR335W	762855.0
YLR336C	767930.0
YLR337C	770674.0
YLR340W	771334.0
YLR342W	775249.0
YLR343W	781503.0
YLR344W	784774.0
YLR345W	785955.0
YLR346C	788161.0
YLR347C	792032.0
YLR348C	793390.0
YLR350W	794188.0
YLR351C	795872.0
YLR352W	796493.0
YLR354C	802887.0
YLR355C	804820.0
YLR356W	805778.0
YLR357W	806767.0
YLR359W	809663.0
YLR361C	814636.0
YLR361C-A	815190.0
YLR362W	815324.0
YLR363C	818682.0
YLR363W-A	818939.0
YLR364W	819511.0
YLR368W	822963.0
YLR369W	825018.0
YLR370C	827784.0
YLR371W	828006.0
YLR372W	832649.0
YLR373C	836882.0
YLR375W	837159.0
YLR376C	839088.0
YLR377C	840337.0
YLR378C	842889.0
YLR380W	843632.0
YLR381W	845125.0
YLR382C	850288.0
YLR383W	850661.0
YLR385C	858882.0
YLR386W	859060.0
YLR387C	863178.0
YLR389C	868106.0
YLR390W	868306.0
YLR390W-A	869130.0
YLR392C	871938.0
YLR393W	872482.0
YLR395C	875462.0
YLR396C	877821.0
YLR397C	880378.0
YLR398C	884513.0
YLR399C	887096.0
YLR401C	889950.0
YLR404W	894160.0
YLR405W	895236.0
YLR407W	898160.0
YLR408C	899672.0
YLR410W	902922.0
YLR411W	906681.0
YLR412W	907834.0
YLR413W	910574.0
YLR414C	913719.0
YLR417W	914389.0
YLR418C	917621.0
YLR419W	917848.0
YLR420W	923563.0
YLR421C	925411.0
YLR422W	925584.0
YLR423C	933008.0
YLR424W	933167.0
YLR425W	937561.0
YLR426W	941878.0
YLR427W	943175.0
YLR429W	945571.0
YLR430W	947977.0
YLR431C	956657.0
YLR432W	957282.0
YLR433C	960958.0
YLR435W	961149.0
YLR436C	966166.0
YLR437C	966925.0
YLR438C-A	969081.0
YLR438W	967305.0
YLR439W	969274.0
YLR440C	972609.0
YLR441C	973779.0
YLR442C	977130.0
YLR443W	977329.0
YLR445W	978996.0
YLR446W	980022.0
YLR447C	982774.0
YLR448W	983624.0
YLR449W	985634.0
YLR450W	987485.0
YLR451W	990851.0
YLR453C	997903.0
YLR454W	998742.0
YLR455W	1008893.0
YLR456W	1010548.0
YLR457C	1012303.0
YLR459W	1012822.0
YML001W	250062.0
YML002W	246460.0
YML004C	245680.0
YML005W	243195.0
YML006C	241274.0
YML007W	236338.0
YML008C	235668.0
YML009C	234202.0
YML010W	230280.0
YML011C	230107.0
YML012W	228731.0
YML013W	226767.0
YML014W	225858.0
YML015C	225702.0
YML016C	224438.0
YML018C	218743.0
YML019W	216101.0
YML020W	213649.0
YML021C	213450.0
YML022W	211571.0
YML023C	211364.0
YML024W	208491.0
YML025C	208063.0
YML027W	203991.0
YML028W	202767.0
YML029W	199940.0
YML030W	199070.0
YML031W	196813.0
YML034W	192102.0
YML035C	191693.0
YML036W	188263.0
YML037C	188111.0
YML038C	186842.0
YML041C	183985.0
YML042W	180969.0
YML046W	175473.0
YML048W	172518.0
YML049C	172670.0
YML050W	167269.0
YML051W	165671.0
YML052W	164517.0
YML053C	163982.0
YML054C	161844.0
YML055W	159272.0
YML056C	158835.0
YML057W	154587.0
YML058W	153832.0
YML058W-A	153196.0
YML059C	152796.0
YML060W	146309.0
YML061C	146150.0
YML062C	143199.0
YML063W	140940.0
YML064C	140421.0
YML065W	136600.0
YML067C	134723.0
YML068W	131968.0
YML069W	129926.0
YML070W	127914.0
YML071C	126171.0
YML072C	124115.0
YML073C	118794.0
YML074C	115926.0
YML075C	113561.0
YML076C	109948.0
YML077W	106445.0
YML078W	105547.0
YML079W	104810.0
YML080W	103254.0
YML081C-A	98794.0
YML081W	99207.0
YML082W	96380.0
YML086C	92102.0
YML087C	89950.0
YML088W	86785.0
YML091C	85589.0
YML092C	81338.0
YML093W	77655.0
YML097C	74317.0
YML098W	71823.0
YML099C	71647.0
YML100W	65143.0
YML101C	64717.0
YML102W	62853.0
YML103C	62164.0
YML104C	56944.0
YML105C	53300.0
YML106W	51052.0
YML108W	49320.0
YML109W	46140.0
YML110C	45564.0
YML111W	41360.0
YML112W	39605.0
YML113W	38572.0
YML114C	38167.0
YML115C	36422.0
YML116W	32658.0
YML117W	28672.0
YML118W	26795.0
YML119W	25165.0
YML120C	24441.0
YML121W	21442.0
YML124C	18279.0
YML125C	16300.0
YML127W	11603.0
YML128C	11311.0
YML129C	9363.0
YML130C	7806.0
YML131W	4736.0
YMR001C	254236.0
YMR002W	255131.0
YMR003W	256047.0
YMR004W	256927.0
YMR005W	258944.0
YMR006C	262709.0
YMR008C	265698.0
YMR009W	267066.0
YMR010W	267879.0
YMR011W	271050.0
YMR012W	274018.0
YMR013C	279805.0
YMR014W	281871.0
YMR015C	285552.0
YMR016C	288644.0
YMR017W	290373.0
YMR018W	293185.0
YMR020W	298337.0
YMR021C	301470.0
YMR022W	301646.0
YMR023C	304028.0
YMR024W	305221.0
YMR025W	306613.0
YMR026C	308866.0
YMR027W	309134.0
YMR028W	310794.0
YMR029C	313604.0
YMR030W	314120.0
YMR031C	318159.0
YMR032W	318536.0
YMR033W	321086.0
YMR034C	324264.0
YMR035W	324455.0
YMR036C	326914.0
YMR038C	331634.0
YMR039C	332966.0
YMR040W	333698.0
YMR041C	335335.0
YMR042W	335877.0
YMR043W	337204.0
YMR044W	338684.0
YMR047C	344212.0
YMR048W	344388.0
YMR049C	347974.0
YMR052W	351385.0
YMR053C	354715.0
YMR054W	354896.0
YMR055C	358866.0
YMR056C	360140.0
YMR058W	360570.0
YMR059W	362880.0
YMR060C	364330.0
YMR061W	364533.0
YMR062C	368195.0
YMR063W	368822.0
YMR066W	373324.0
YMR067C	377402.0
YMR068W	378091.0
YMR070W	380745.0
YMR071C	383107.0
YMR072W	383329.0
YMR073C	384690.0
YMR074C	385267.0
YMR075W	385592.0
YMR076C	391898.0
YMR077C	394274.0
YMR078C	396780.0
YMR079W	396984.0
YMR080C	401743.0
YMR081C	403270.0
YMR083W	406787.0
YMR085W	408629.0
YMR086W	411161.0
YMR087W	414533.0
YMR088C	417153.0
YMR089C	420314.0
YMR090W	421231.0
YMR091C	423432.0
YMR092C	425590.0
YMR093W	425994.0
YMR094W	427844.0
YMR095C	430000.0
YMR096W	430404.0
YMR097C	432579.0
YMR098C	434717.0
YMR099C	437215.0
YMR100W	438310.0
YMR101C	441878.0
YMR102C	444846.0
YMR104C	447884.0
YMR105C	450028.0
YMR106C	452593.0
YMR107W	455702.0
YMR108W	456583.0
YMR109W	459236.0
YMR110C	464696.0
YMR111C	466584.0
YMR112C	467156.0
YMR113W	467631.0
YMR114C	470191.0
YMR115W	470338.0
YMR116C	473405.0
YMR117C	474607.0
YMR118C	475497.0
YMR119W	477779.0
YMR120C	481980.0
YMR121C	483033.0
YMR122W-A	483923.0
YMR123W	486345.0
YMR124W	487236.0
YMR125W	490255.0
YMR126C	494811.0
YMR127C	496233.0
YMR128W	496442.0
YMR129W	500553.0
YMR130W	504818.0
YMR131C	507535.0
YMR132C	508407.0
YMR133W	508980.0
YMR135C	512881.0
YMR136W	513873.0
YMR137C	517799.0
YMR138W	517951.0
YMR139W	518729.0
YMR140W	520458.0
YMR142C	524049.0
YMR143W	524690.0
YMR144W	526026.0
YMR145C	529376.0
YMR146C	531360.0
YMR147W	531971.0
YMR148W	532959.0
YMR149W	533714.0
YMR150C	535363.0
YMR152W	535887.0
YMR153W	537189.0
YMR154C	541031.0
YMR155W	541348.0
YMR156C	543825.0
YMR157C	544881.0
YMR158W	544997.0
YMR160W	547812.0
YMR161W	550462.0
YMR162C	556885.0
YMR163C	559326.0
YMR164C	562409.0
YMR165C	565522.0
YMR166C	567317.0
YMR167W	567638.0
YMR168C	571987.0
YMR169C	573680.0
YMR170C	575887.0
YMR171C	578485.0
YMR173W	581394.0
YMR174C	583506.0
YMR175W	584100.0
YMR176W	584747.0
YMR178W	591540.0
YMR179W	592893.0
YMR180C	596365.0
YMR181C	597369.0
YMR182C	598391.0
YMR183C	600975.0
YMR184W	601231.0
YMR185W	602100.0
YMR186W	605410.0
YMR187C	609134.0
YMR188C	610167.0
YMR189W	610525.0
YMR190C	618511.0
YMR191W	618732.0
YMR192W	620127.0
YMR193W	623094.0
YMR194C-B	626017.0
YMR194W	624207.0
YMR195W	627037.0
YMR196W	628084.0
YMR197C	632316.0
YMR198W	632544.0
YMR199W	635517.0
YMR200W	637717.0
YMR201C	640330.0
YMR202W	640592.0
YMR203W	641486.0
YMR204C	644434.0
YMR205C	647880.0
YMR206W	648802.0
YMR208W	657510.0
YMR209C	660377.0
YMR210W	660552.0
YMR211W	662123.0
YMR212C	666247.0
YMR213W	666390.0
YMR214W	668377.0
YMR215W	669828.0
YMR216C	674253.0
YMR217W	674778.0
YMR218C	679977.0
YMR220W	685331.0
YMR221C	688488.0
YMR222C	689370.0
YMR223W	689530.0
YMR224C	693736.0
YMR225C	694458.0
YMR226C	695480.0
YMR227C	697472.0
YMR228W	697653.0
YMR229C	704261.0
YMR231W	706528.0
YMR233W	712185.0
YMR234W	713234.0
YMR235C	715795.0
YMR236W	715987.0
YMR237W	716714.0
YMR238W	719255.0
YMR239C	722776.0
YMR240C	724320.0
YMR241W	724851.0
YMR243C	729313.0
YMR244C-A	731963.0
YMR246W	732812.0
YMR250W	743369.0
YMR251W	745529.0
YMR251W-A	747342.0
YMR252C	748411.0
YMR253C	749903.0
YMR255W	750574.0
YMR256C	751782.0
YMR257C	755047.0
YMR258C	756948.0
YMR259C	761572.0
YMR260C	762494.0
YMR261C	766171.0
YMR262W	766303.0
YMR263W	767520.0
YMR264W	768394.0
YMR265C	770563.0
YMR266W	771123.0
YMR267W	774304.0
YMR268C	776918.0
YMR269W	777071.0
YMR270C	779215.0
YMR271C	780240.0
YMR272C	783092.0
YMR273C	786445.0
YMR274C	787650.0
YMR275C	790912.0
YMR276W	791079.0
YMR277W	792417.0
YMR278W	794986.0
YMR280C	803622.0
YMR281W	804537.0
YMR282C	807407.0
YMR283C	809250.0
YMR284W	810392.0
YMR285C	813951.0
YMR286W	814173.0
YMR287C	817652.0
YMR288W	817811.0
YMR289W	820908.0
YMR290C	823871.0
YMR291W	824802.0
YMR292W	827018.0
YMR293C	829076.0
YMR294W	829195.0
YMR295C	831201.0
YMR296C	833248.0
YMR297W	834102.0
YMR298W	836049.0
YMR299C	837653.0
YMR300C	839466.0
YMR301C	841943.0
YMR302C	844927.0
YMR303C	846641.0
YMR304W	847226.0
YMR305C	852632.0
YMR306W	853410.0
YMR307W	859228.0
YMR308C	864661.0
YMR309C	867740.0
YMR310C	868971.0
YMR311C	869907.0
YMR312W	870629.0
YMR313C	873602.0
YMR314W	873920.0
YMR315W	875012.0
YMR316W	877012.0
YMR318C	884525.0
YMR319C	886956.0
YNL001W	635641.0
YNL002C	635435.0
YNL003C	634113.0
YNL004W	631147.0
YNL005C	630725.0
YNL006W	628309.0
YNL007C	627944.0
YNL008C	626495.0
YNL009W	623018.0
YNL010W	621827.0
YNL011C	621421.0
YNL012W	617873.0
YNL014W	614486.0
YNL015W	613554.0
YNL016W	611063.0
YNL020C	582799.0
YNL021W	587309.0
YNL022C	587542.0
YNL023C	589244.0
YNL025C	595144.0
YNL026W	598560.0
YNL027W	600993.0
YNL031C	604374.0
YNL032W	606074.0
YNL035C	572656.0
YNL036W	556713.0
YNL037C	556056.0
YNL038W	553958.0
YNL039W	551950.0
YNL040W	550284.0
YNL041C	548991.0
YNL044W	542491.0
YNL045W	540285.0
YNL046W	539621.0
YNL047C	539204.0
YNL048W	535438.0
YNL049C	535217.0
YNL050C	532313.0
YNL051W	529923.0
YNL052W	528984.0
YNL053W	527122.0
YNL054W	523324.0
YNL055C	522047.0
YNL056W	520369.0
YNL058C	519907.0
YNL059C	518124.0
YNL061W	513663.0
YNL062C	513416.0
YNL063W	510923.0
YNL064C	510309.0
YNL067W	502818.0
YNL068C	501455.0
YNL070W	496477.0
YNL071W	494655.0
YNL072W	493459.0
YNL073W	491532.0
YNL074C	491344.0
YNL075W	488704.0
YNL076W	486458.0
YNL077W	484443.0
YNL078W	482895.0
YNL079C	482337.0
YNL080C	481166.0
YNL081C	479779.0
YNL082W	476457.0
YNL083W	474481.0
YNL084C	474270.0
YNL085W	470066.0
YNL086W	469451.0
YNL087W	465468.0
YNL088W	460846.0
YNL090W	459623.0
YNL091W	455463.0
YNL092W	454024.0
YNL093W	452983.0
YNL094W	450538.0
YNL095C	450258.0
YNL096C	447549.0
YNL097C	445696.0
YNL098C	443838.0
YNL099C	442538.0
YNL100W	440792.0
YNL101W	438020.0
YNL103W	430885.0
YNL104C	429971.0
YNL106C	427801.0
YNL107W	423253.0
YNL108C	423068.0
YNL110C	421730.0
YNL111C	420537.0
YNL112W	416799.0
YNL113W	415927.0
YNL115C	415294.0
YNL116W	411483.0
YNL117W	409498.0
YNL118C	408789.0
YNL119W	404218.0
YNL121C	403789.0
YNL123W	397857.0
YNL125C	395548.0
YNL126W	390368.0
YNL127W	387105.0
YNL128W	385515.0
YNL129W	384625.0
YNL130C	384068.0
YNL131W	381923.0
YNL132W	378445.0
YNL133C	377926.0
YNL134C	376853.0
YNL135C	375450.0
YNL136W	373566.0
YNL137C	373356.0
YNL138W	369917.0
YNL139C	369027.0
YNL141W	362783.0
YNL142W	360610.0
YNL144C	358376.0
YNL146W	354829.0
YNL147W	354086.0
YNL148C	353908.0
YNL149C	352998.0
YNL151C	351802.0
YNL152W	349515.0
YNL153C	349301.0
YNL154C	348711.0
YNL155W	345631.0
YNL156C	345358.0
YNL157W	343552.0
YNL158W	342795.0
YNL159C	342587.0
YNL160W	339708.0
YNL161W	335649.0
YNL162W	334523.0
YNL162W-A	333527.0
YNL163C	333361.0
YNL164C	329711.0
YNL165W	326976.0
YNL166C	326808.0
YNL167C	324936.0
YNL168C	322061.0
YNL169C	320950.0
YNL172W	313714.0
YNL173C	313316.0
YNL176C	310377.0
YNL177C	307890.0
YNL178W	305883.0
YNL180C	303994.0
YNL181W	301511.0
YNL182C	300931.0
YNL183C	298905.0
YNL185C	296003.0
YNL186W	292566.0
YNL187W	291049.0
YNL188W	289512.0
YNL189W	287329.0
YNL190W	285639.0
YNL191W	283637.0
YNL192W	279620.0
YNL193W	277633.0
YNL194C	276966.0
YNL196C	274476.0
YNL197C	273206.0
YNL199C	269922.0
YNL200C	267846.0
YNL201C	266741.0
YNL202W	262832.0
YNL204C	262568.0
YNL206C	261435.0
YNL207W	258491.0
YNL208W	257648.0
YNL209W	255285.0
YNL210W	254149.0
YNL211C	253631.0
YNL212W	250652.0
YNL213C	250457.0
YNL214W	248847.0
YNL215W	247686.0
YNL216W	244851.0
YNL217W	243555.0
YNL218W	241460.0
YNL219C	240986.0
YNL220W	237576.0
YNL221C	237036.0
YNL222W	232312.0
YNL223W	230621.0
YNL224C	230439.0
YNL225C	227756.0
YNL227C	225742.0
YNL229C	223665.0
YNL230C	221994.0
YNL231C	220451.0
YNL232W	218156.0
YNL233W	214998.0
YNL234W	213441.0
YNL236W	210158.0
YNL237W	208402.0
YNL238W	205420.0
YNL239W	203795.0
YNL240C	203285.0
YNL241C	201265.0
YNL242W	194499.0
YNL243W	191258.0
YNL244C	190798.0
YNL246W	188701.0
YNL247W	186157.0
YNL250W	178659.0
YNL251C	177857.0
YNL252C	175578.0
YNL253W	173258.0
YNL254C	172560.0
YNL255C	171086.0
YNL257C	167648.0
YNL258C	163653.0
YNL259C	161167.0
YNL260C	160661.0
YNL261W	158334.0
YNL262W	151463.0
YNL263C	151261.0
YNL264C	149896.0
YNL265C	148598.0
YNL267W	144081.0
YNL268W	141837.0
YNL271C	138993.0
YNL272C	132498.0
YNL273W	126152.0
YNL274C	125522.0
YNL275W	122569.0
YNL277W	119971.0
YNL278W	115889.0
YNL280C	113218.0
YNL281W	111145.0
YNL282W	110382.0
YNL283C	109895.0
YNL287W	93847.0
YNL288W	92204.0
YNL289W	89888.0
YNL290W	88257.0
YNL291C	88089.0
YNL292W	84860.0
YNL293W	82638.0
YNL294C	82501.0
YNL295W	78871.0
YNL297C	78676.0
YNL298W	70837.0
YNL300W	67713.0
YNL301C	66666.0
YNL304W	62316.0
YNL305C	61876.0
YNL306W	60181.0
YNL307C	59791.0
YNL308C	57986.0
YNL309W	54649.0
YNL311C	53749.0
YNL312W	50304.0
YNL313C	50109.0
YNL314W	46500.0
YNL315C	46346.0
YNL316C	45191.0
YNL317W	42668.0
YNL318C	42495.0
YNL320W	39703.0
YNL321W	36748.0
YNL322C	36313.0
YNL323W	33949.0
YNL325C	33468.0
YNL326C	30438.0
YNL327W	26076.0
YNL328C	25355.0
YNL329C	24710.0
YNL330C	21424.0
YNL331C	19672.0
YNL332W	16863.0
YNR001C	639422.0
YNR002C	642709.0
YNR003C	644143.0
YNR004W	644735.0
YNR006W	645776.0
YNR007C	648990.0
YNR008W	649154.0
YNR009W	651424.0
YNR010W	652521.0
YNR011C	655785.0
YNR012W	656195.0
YNR013C	660575.0
YNR014W	661226.0
YNR015W	662188.0
YNR016C	670730.0
YNR017W	671515.0
YNR018W	673033.0
YNR019W	674110.0
YNR020C	676948.0
YNR021W	677161.0
YNR022C	679037.0
YNR023W	679189.0
YNR024W	681204.0
YNR026C	683528.0
YNR027W	683706.0
YNR028W	684922.0
YNR029C	687311.0
YNR030W	687545.0
YNR031C	694528.0
YNR032C-A	696302.0
YNR032W	694712.0
YNR034W	699015.0
YNR034W-A	701373.0
YNR035C	702878.0
YNR036C	703637.0
YNR037C	704141.0
YNR038W	704396.0
YNR039C	708284.0
YNR040W	708496.0
YNR041C	710489.0
YNR043W	710688.0
YNR045W	714872.0
YNR046W	716519.0
YNR047W	717222.0
YNR048W	720335.0
YNR049C	722479.0
YNR050C	724189.0
YNR052C	729494.0
YNR053C	731947.0
YNR054C	733137.0
YNR057C	742214.0
YNR058W	742092.0
YNR059W	744810.0
YNR061C	751731.0
YNR064C	758130.0
YNR069C	770942.0
YNR074C	786866.0
YNR075W	787986.0
YOL001W	305491.0
YOL002C	305009.0
YOL003C	303660.0
YOL004W	297379.0
YOL005C	296867.0
YOL006C	296205.0
YOL007C	293109.0
YOL008W	290938.0
YOL009C	290820.0
YOL010W	288555.0
YOL012C	284763.0
YOL013C	283758.0
YOL016C	276909.0
YOL017W	273145.0
YOL018C	272824.0
YOL019W	269440.0
YOL020W	266705.0
YOL021C	266163.0
YOL022C	262210.0
YOL025W	255586.0
YOL026C	255052.0
YOL027C	254415.0
YOL030W	248782.0
YOL031C	248247.0
YOL032W	246009.0
YOL033W	244060.0
YOL034W	240528.0
YOL036W	237103.0
YOL038W	235955.0
YOL039W	234918.0
YOL040C	234277.0
YOL041C	233341.0
YOL042W	230406.0
YOL043C	230264.0
YOL044W	227733.0
YOL045W	223920.0
YOL048C	222055.0
YOL049W	219215.0
YOL051W	215474.0
YOL052C	214426.0
YOL052C-A	212515.0
YOL054W	209240.0
YOL055C	206407.0
YOL056W	203499.0
YOL057W	201011.0
YOL058W	199434.0
YOL059W	197427.0
YOL060C	196489.0
YOL061W	192439.0
YOL062C	192267.0
YOL063C	190590.0
YOL064C	187460.0
YOL065C	186182.0
YOL067C	182790.0
YOL069W	179181.0
YOL070C	179009.0
YOL071W	176759.0
YOL072W	175194.0
YOL073C	175062.0
YOL075C	173858.0
YOL076W	167241.0
YOL077C	166990.0
YOL077W-A	165643.0
YOL078W	161899.0
YOL080C	161709.0
YOL081W	151158.0
YOL082W	148896.0
YOL083W	145859.0
YOL084W	142497.0
YOL086C	140880.0
YOL086W-A	139373.0
YOL087C	139160.0
YOL088C	135062.0
YOL089C	133772.0
YOL090W	127592.0
YOL091W	125552.0
YOL092W	124432.0
YOL093W	123042.0
YOL094C	122865.0
YOL095C	121633.0
YOL096C	119337.0
YOL097C	118104.0
YOL098C	116152.0
YOL100W	109273.0
YOL101C	108237.0
YOL102C	106962.0
YOL103W	104084.0
YOL104C	103639.0
YOL105C	102263.0
YOL107W	97917.0
YOL108C	97762.0
YOL109W	96059.0
YOL110W	94930.0
YOL111C	94749.0
YOL112W	92338.0
YOL113W	89951.0
YOL114C	89742.0
YOL115W	87226.0
YOL116W	85483.0
YOL117W	83319.0
YOL119C	82234.0
YOL120C	80235.0
YOL122C	77265.0
YOL123W	73276.0
YOL124C	72597.0
YOL125W	69495.0
YOL126C	68799.0
YOL128C	65281.0
YOL129W	63341.0
YOL130W	59895.0
YOL131W	58829.0
YOL132W	57076.0
YOL133W	56108.0
YOL135C	55883.0
YOL136C	54826.0
YOL137W	51367.0
YOL138C	51219.0
YOL139C	46912.0
YOL140W	44517.0
YOL142W	41348.0
YOL143C	40956.0
YOL144W	38908.0
YOL147C	34506.0
YOL148C	33466.0
YOL149W	30772.0
YOL151W	29527.0
YOL152W	26631.0
YOL154W	20432.0
YOL158C	8853.0
YOR001W	307397.0
YOR002W	309982.0
YOR003W	312001.0
YOR004W	314151.0
YOR005C	318001.0
YOR006C	319269.0
YOR007C	320605.0
YOR008C	323246.0
YOR012W	337438.0
YOR014W	338337.0
YOR016C	342139.0
YOR017W	342297.0
YOR018W	345228.0
YOR019W	349012.0
YOR020C	351802.0
YOR020W-A	352585.0
YOR021C	354392.0
YOR022C	356800.0
YOR023C	358736.0
YOR025W	359066.0
YOR026W	360679.0
YOR027W	361918.0
YOR028C	365422.0
YOR030W	367780.0
YOR032C	372350.0
YOR033C	375703.0
YOR034C	378350.0
YOR035C	381173.0
YOR036W	381385.0
YOR038C	386488.0
YOR039W	386651.0
YOR040W	388082.0
YOR042W	389419.0
YOR043W	391517.0
YOR044W	393804.0
YOR045W	394860.0
YOR046C	396986.0
YOR048C	402758.0
YOR049C	404968.0
YOR051C	407190.0
YOR052C	408375.0
YOR054C	411039.0
YOR056C	412744.0
YOR057W	413160.0
YOR058C	417536.0
YOR059C	421337.0
YOR060C	422234.0
YOR061W	422454.0
YOR062C	424619.0
YOR063W	425708.0
YOR064C	427828.0
YOR065W	428241.0
YOR066W	430385.0
YOR067C	434549.0
YOR069W	434737.0
YOR070C	438927.0
YOR073W	446434.0
YOR074C	449387.0
YOR075W	449915.0
YOR076C	453393.0
YOR077W	453598.0
YOR078W	454441.0
YOR079C	456188.0
YOR081C	460972.0
YOR083W	461187.0
YOR084W	462298.0
YOR085W	463713.0
YOR086C	468711.0
YOR087W	469378.0
YOR089C	472660.0
YOR090C	474672.0
YOR091W	475125.0
YOR092W	476799.0
YOR093C	484250.0
YOR094W	484443.0
YOR095C	486154.0
YOR096W	487524.0
YOR097C	489326.0
YOR098C	493006.0
YOR099W	493524.0
YOR100C	496077.0
YOR101W	496931.0
YOR103C	498635.0
YOR104W	499388.0
YOR106W	500816.0
YOR107W	502951.0
YOR108W	504714.0
YOR109W	506946.0
YOR110W	510623.0
YOR111W	512162.0
YOR112W	513202.0
YOR113W	515725.0
YOR114W	519117.0
YOR115C	521291.0
YOR116C	526134.0
YOR117W	526745.0
YOR118W	528428.0
YOR119C	532063.0
YOR120W	532809.0
YOR122C	534668.0
YOR123C	536383.0
YOR124C	540489.0
YOR125C	541515.0
YOR126C	542471.0
YOR127W	542640.0
YOR128C	547970.0
YOR129C	551375.0
YOR130C	552569.0
YOR131C	554974.0
YOR132W	555153.0
YOR133W	557081.0
YOR134W	560519.0
YOR136W	562210.0
YOR137C	566105.0
YOR138C	568452.0
YOR140W	568712.0
YOR141C	574671.0
YOR142W	574923.0
YOR143C	578962.0
YOR144C	581695.0
YOR145C	582738.0
YOR148C	585777.0
YOR149C	587968.0
YOR150W	588508.0
YOR151C	593485.0
YOR152C	594988.0
YOR153W	596210.0
YOR154W	601216.0
YOR155C	604536.0
YOR156C	607241.0
YOR157C	608351.0
YOR158W	608672.0
YOR159C	610145.0
YOR160W	610318.0
YOR162C	618645.0
YOR163W	619242.0
YOR164C	620911.0
YOR165W	621070.0
YOR166C	625077.0
YOR167C	625556.0
YOR168W	625811.0
YOR171C	630488.0
YOR172W	630702.0
YOR173W	633773.0
YOR174W	635170.0
YOR175C	638289.0
YOR176W	638869.0
YOR177C	643750.0
YOR178C	647050.0
YOR179C	648976.0
YOR180C	651716.0
YOR181W	652398.0
YOR184W	655792.0
YOR185C	658691.0
YOR187W	660533.0
YOR188W	662191.0
YOR189W	666117.0
YOR190W	667151.0
YOR191W	668909.0
YOR193W	680902.0
YOR194C	683129.0
YOR195W	683313.0
YOR196C	687404.0
YOR198C	690811.0
YOR201C	692267.0
YOR202W	692441.0
YOR204W	693410.0
YOR205C	697770.0
YOR206W	698012.0
YOR207C	704051.0
YOR208W	704255.0
YOR209C	708406.0
YOR210W	708809.0
YOR211C	712303.0
YOR214C	716957.0
YOR215C	717853.0
YOR216C	719586.0
YOR217W	719744.0
YOR219C	725595.0
YOR220W	725863.0
YOR221C	728190.0
YOR222W	728832.0
YOR223W	730270.0
YOR224C	731830.0
YOR226C	732634.0
YOR227W	733122.0
YOR228C	738519.0
YOR229W	738825.0
YOR230W	741257.0
YOR231W	742960.0
YOR232W	744964.0
YOR233W	746176.0
YOR236W	751392.0
YOR237W	752406.0
YOR238W	754180.0
YOR241W	757671.0
YOR242C	760526.0
YOR243C	762767.0
YOR244W	762982.0
YOR245C	765870.0
YOR246C	767367.0
YOR249C	771261.0
YOR250C	772859.0
YOR251C	773996.0
YOR252W	774144.0
YOR253W	774867.0
YOR254C	777553.0
YOR255W	777765.0
YOR256C	781271.0
YOR257W	781472.0
YOR258W	782151.0
YOR259C	784221.0
YOR260W	784433.0
YOR261C	787538.0
YOR262W	787719.0
YOR264W	789300.0
YOR265W	790912.0
YOR266W	791439.0
YOR267C	795421.0
YOR270C	801260.0
YOR271C	802607.0
YOR272W	803271.0
YOR273C	807137.0
YOR274W	808169.0
YOR275C	811606.0
YOR276W	811813.0
YOR278W	813301.0
YOR279C	815258.0
YOR280C	816318.0
YOR281C	817662.0
YOR283W	817889.0
YOR284W	818936.0
YOR285W	820135.0
YOR286W	820763.0
YOR287C	822367.0
YOR288C	823620.0
YOR289W	823871.0
YOR290C	830884.0
YOR291W	831520.0
YOR292C	837130.0
YOR293W	837546.0
YOR294W	838776.0
YOR295W	839630.0
YOR296W	840588.0
YOR297C	845829.0
YOR298C-A	848220.0
YOR299W	848767.0
YOR301W	851427.0
YOR303W	853137.0
YOR304C-A	859232.0
YOR304W	854893.0
YOR305W	859412.0
YOR307C	864750.0
YOR308C	866899.0
YOR310C	868886.0
YOR311C	870468.0
YOR313C	873430.0
YOR316C	878186.0
YOR317W	879794.0
YOR319W	883300.0
YOR320C	885683.0
YOR321W	886463.0
YOR322C	891796.0
YOR323C	893423.0
YOR324C	895519.0
YOR326W	896008.0
YOR327C	901603.0
YOR329C	909916.0
YOR332W	914108.0
YOR334W	915081.0
YOR335C	919705.0
YOR336W	920240.0
YOR337W	924802.0
YOR338W	927321.0
YOR339C	929343.0
YOR340C	930733.0
YOR341W	931364.0
YOR344C	942756.0
YOR347C	951116.0
YOR348C	953356.0
YOR349W	954318.0
YOR350C	959447.0
YOR351C	961103.0
YOR352W	961694.0
YOR353C	965399.0
YOR354C	967804.0
YOR355W	969430.0
YOR356W	971733.0
YOR357C	974283.0
YOR358W	974658.0
YOR360C	979603.0
YOR362C	983355.0
YOR363C	987804.0
YOR365C	990167.0
YOR367W	990575.0
YOR368W	991381.0
YOR369C	993262.0
YOR370C	995896.0
YOR371C	998832.0
YOR372C	1001124.0
YOR373W	1001360.0
YOR374W	1004371.0
YOR375C	1007668.0
YOR380W	1015596.0
YOR385W	1029260.0
YOR386W	1031064.0
YOR387C	1034577.0
YOR388C	1037241.0
YOR389W	1038199.0
YPL001W	554196.0
YPL002C	553967.0
YPL003W	551628.0
YPL004C	551302.0
YPL005W	548083.0
YPL006W	544210.0
YPL007C	543517.0
YPL008W	538764.0
YPL009C	538584.0
YPL010W	534617.0
YPL011C	534398.0
YPL012W	529295.0
YPL013C	529043.0
YPL014W	527178.0
YPL015C	526604.0
YPL016W	520581.0
YPL017C	519828.0
YPL018W	517242.0
YPL019C	516660.0
YPL020C	513896.0
YPL022W	506269.0
YPL023C	506047.0
YPL024W	503083.0
YPL026C	501843.0
YPL027W	499202.0
YPL028W	497635.0
YPL029W	495063.0
YPL030W	493090.0
YPL031C	492676.0
YPL032C	491170.0
YPL033C	487865.0
YPL034W	485976.0
YPL036W	482459.0
YPL037C	481517.0
YPL038W	480086.0
YPL039W	478756.0
YPL040C	478610.0
YPL041C	475335.0
YPL042C	474539.0
YPL043W	469470.0
YPL045W	466745.0
YPL046C	466588.0
YPL047W	465478.0
YPL048W	463945.0
YPL049C	463432.0
YPL050C	461762.0
YPL051W	459548.0
YPL052W	458336.0
YPL053C	458129.0
YPL054W	455273.0
YPL055C	454608.0
YPL057C	452840.0
YPL059W	444125.0
YPL060W	440299.0
YPL061W	438370.0
YPL063W	435636.0
YPL064C	435472.0
YPL065W	433748.0
YPL066W	431983.0
YPL067C	431726.0
YPL068C	430958.0
YPL069C	429741.0
YPL070W	426555.0
YPL071C	426387.0
YPL072W	424136.0
YPL074W	421556.0
YPL076W	416120.0
YPL077C	415941.0
YPL078C	414623.0
YPL079W	412415.0
YPL081W	410724.0
YPL082C	409924.0
YPL083C	404003.0
YPL084W	399815.0
YPL085W	392713.0
YPL086C	392339.0
YPL087W	389215.0
YPL088W	387641.0
YPL089C	387231.0
YPL091W	381321.0
YPL092W	379559.0
YPL093W	376751.0
YPL094C	376498.0
YPL095C	375290.0
YPL096C-A	372621.0
YPL096W	372727.0
YPL097W	370743.0
YPL098C	370572.0
YPL099C	369903.0
YPL100W	367611.0
YPL101W	365983.0
YPL103C	365264.0
YPL104W	361473.0
YPL105C	361249.0
YPL106C	358133.0
YPL107W	354891.0
YPL110C	350766.0
YPL111W	345708.0
YPL112C	338765.0
YPL113C	337261.0
YPL115C	335790.0
YPL116W	329490.0
YPL117C	328929.0
YPL118W	326625.0
YPL119C	326368.0
YPL120W	322138.0
YPL121C	321734.0
YPL122C	320879.0
YPL123C	319074.0
YPL124W	316784.0
YPL125W	313328.0
YPL126W	310266.0
YPL127C	309731.0
YPL128C	308400.0
YPL129W	305334.0
YPL130W	304416.0
YPL131W	303191.0
YPL132W	301657.0
YPL133C	301449.0
YPL134C	299625.0
YPL135W	297583.0
YPL137C	296777.0
YPL138C	292575.0
YPL139C	291212.0
YPL140C	289367.0
YPL141C	286533.0
YPL143W	282192.0
YPL144W	280550.0
YPL145C	279898.0
YPL146C	277658.0
YPL147W	273342.0
YPL148C	273048.0
YPL149W	271346.0
YPL150W	268233.0
YPL151C	267663.0
YPL152W	265082.0
YPL153C	264416.0
YPL154C	261053.0
YPL155C	259509.0
YPL156C	256927.0
YPL157W	254800.0
YPL158C	254481.0
YPL159C	251885.0
YPL160W	247036.0
YPL161C	246393.0
YPL162C	244171.0
YPL163C	242821.0
YPL164C	241635.0
YPL166W	237392.0
YPL167C	237248.0
YPL168W	231167.0
YPL169C	230979.0
YPL170W	228350.0
YPL172C	225962.0
YPL173W	223190.0
YPL174C	223029.0
YPL175W	218655.0
YPL176C	218478.0
YPL177C	214188.0
YPL178W	212194.0
YPL179W	207691.0
YPL180W	204905.0
YPL181W	203095.0
YPL183W-A	198722.0
YPL186C	195217.0
YPL187W	193385.0
YPL188W	191169.0
YPL189C-A	188395.0
YPL190C	187631.0
YPL191C	184511.0
YPL192C	182859.0
YPL193W	181144.0
YPL194W	179033.0
YPL195W	175985.0
YPL196W	174784.0
YPL199C	172556.0
YPL200W	171256.0
YPL201C	170970.0
YPL202C	169223.0
YPL203W	165908.0
YPL204W	163899.0
YPL206C	163429.0
YPL207W	159648.0
YPL208W	157640.0
YPL209C	157472.0
YPL210C	156039.0
YPL211W	153274.0
YPL212C	152995.0
YPL213W	150386.0
YPL214C	150055.0
YPL215W	147195.0
YPL216W	143588.0
YPL217C	143027.0
YPL218W	138445.0
YPL219W	136453.0
YPL220W	135590.0
YPL221W	132834.0
YPL222W	129832.0
YPL223C	128980.0
YPL224C	127896.0
YPL225W	125764.0
YPL226W	121519.0
YPL227C	121081.0
YPL228W	118019.0
YPL229W	116803.0
YPL230W	115052.0
YPL231W	108343.0
YPL232W	106840.0
YPL233W	105870.0
YPL234C	105217.0
YPL235W	102885.0
YPL236C	102511.0
YPL237W	100190.0
YPL239W	99133.0
YPL240C	98409.0
YPL241C	95998.0
YPL242C	94913.0
YPL243W	88160.0
YPL244C	87791.0
YPL246C	85072.0
YPL247C	84028.0
YPL248C	82113.0
YPL249C	79143.0
YPL249C-A	76020.0
YPL250C	74531.0
YPL252C	73671.0
YPL253C	72815.0
YPL254W	68990.0
YPL255W	67419.0
YPL256C	66535.0
YPL257W	59891.0
YPL259C	54900.0
YPL260W	51410.0
YPL262W	49357.0
YPL263C	48744.0
YPL264C	46583.0
YPL265W	43165.0
YPL266W	41258.0
YPL267W	40370.0
YPL268W	37421.0
YPL269W	35217.0
YPL273W	27172.0
YPL274W	25097.0
YPR001W	555956.0
YPR002W	557989.0
YPR003C	563103.0
YPR004C	564385.0
YPR005C	566155.0
YPR006C	568313.0
YPR007C	570679.0
YPR008W	572424.0
YPR009W	576045.0
YPR010C-A	582356.0
YPR011C	583723.0
YPR013C	585328.0
YPR015C	590721.0
YPR016C	592756.0
YPR017C	593538.0
YPR018W	593981.0
YPR019W	596266.0
YPR020W	599413.0
YPR021C	603160.0
YPR022C	606919.0
YPR023C	609619.0
YPR024W	609944.0
YPR025C	614126.0
YPR026W	614928.0
YPR027C	620911.0
YPR028W	623390.0
YPR029C	626901.0
YPR030W	627756.0
YPR031W	631382.0
YPR032W	633994.0
YPR033C	638928.0
YPR034W	639372.0
YPR035W	642016.0
YPR036W	643715.0
YPR036W-A	645810.0
YPR037C	647022.0
YPR040W	647219.0
YPR041W	648547.0
YPR042C	653707.0
YPR043W	654036.0
YPR045C	656540.0
YPR046W	656719.0
YPR047W	657427.0
YPR048W	659086.0
YPR049C	664664.0
YPR051W	664858.0
YPR052C	665929.0
YPR054W	666203.0
YPR055W	667556.0
YPR056W	671030.0
YPR057W	672396.0
YPR058W	673665.0
YPR060C	675617.0
YPR061C	676854.0
YPR062W	677061.0
YPR063C	678299.0
YPR065W	679573.0
YPR066W	681158.0
YPR067W	682126.0
YPR068C	684312.0
YPR069C	685404.0
YPR070W	685800.0
YPR071W	688088.0
YPR072W	690295.0
YPR073C	692769.0
YPR074C	695192.0
YPR075C	697180.0
YPR078C	698664.0
YPR079W	699074.0
YPR080W	700865.0
YPR081C	704275.0
YPR082C	704966.0
YPR083W	705132.0
YPR084W	707158.0
YPR085C	710216.0
YPR086W	710358.0
YPR088C	713375.0
YPR089W	713537.0
YPR091C	718797.0
YPR093C	720799.0
YPR094W	720906.0
YPR095C	725263.0
YPR097W	725462.0
YPR098C	729832.0
YPR100W	730040.0
YPR101W	730754.0
YPR102C	732064.0
YPR103W	732568.0
YPR104C	737007.0
YPR105C	739920.0
YPR106W	740292.0
YPR107C	742432.0
YPR108W	742650.0
YPR109W	745615.0
YPR110C	747821.0
YPR111W	748241.0
YPR113W	753193.0
YPR114W	754202.0
YPR115W	755635.0
YPR116W	759569.0
YPR117W	760682.0
YPR118W	768672.0
YPR119W	771904.0
YPR120C	775909.0
YPR124W	792565.0
YPR125W	794531.0
YPR127W	796560.0
YPR128C	798915.0
YPR129W	799327.0
YPR132W	801607.0
YPR133C	803961.0
YPR133W-A	804181.0
YPR134W	804691.0
YPR135W	805836.0
YPR138C	813298.0
YPR139C	814868.0
YPR141C	818831.0
YPR143W	819048.0
YPR145C-A	825738.0
YPR145W	823354.0
YPR147C	827426.0
YPR148C	828986.0
YPR149W	830520.0
YPR151C	832528.0
YPR152C	834248.0
YPR153W	834409.0
YPR154W	835297.0
YPR155C	838255.0
YPR156C	840616.0
YPR158W	843956.0
YPR159W	846189.0
YPR160W	855964.0
YPR161C	861311.0
YPR162C	863141.0
YPR163C	864864.0
YPR164W	865509.0
YPR165W	870172.0
YPR166C	871499.0
YPR167C	872491.0
YPR168W	872886.0
YPR170W-B	878326.0
YPR171W	878914.0
YPR172W	880887.0
YPR173C	882989.0
YPR174C	883859.0
YPR175W	884054.0
YPR176C	887202.0
YPR178W	887422.0
YPR179C	890924.0
YPR180W	891055.0
YPR181C	894856.0
YPR182W	895253.0
YPR183W	895838.0
YPR184W	897129.0
YPR185W	902030.0
YPR186C	906147.0
YPR187W	906334.0
YPR188C	907635.0
YPR189W	907741.0
YPR190C	914185.0
YPR191W	914437.0
YPR192W	916948.0
YPR193C	918518.0
YPR196W	320836.0
